Município;Estado;Nome do Incumbente;Nome do Principal Adversário em 2016;Nome do Principal Adversário em 2020;População;ln_pop;Faixa de População;Região do País;Gênero;reeleito;Partido;Número efetivo de candidatos de 2020;Número efetivo de candidatos de 2016;delta_nec (2020-2016);Votos válidos 2016;Abstenção 2016;Eleitores 2016;Voto do Incumbente em 2016;Voto do Principal Adversário de 2016;% do eleitorado do Incumbente 2016;% do eleitorado do P, Adversário 2016;Vantagem do Incumbente no primeiro turno 2016;Votos válidos 2020;Abstenção 2020;Eleitores 2020;Voto do Incumbente em 2020;Voto do Principal Adversário de 2020;% do eleitorado do Incumbente 2020;% do eleitorado do P, Adversário 2020;Vantagem do Incumbente no primeiro turno 2020;delta_vantagem (2020-2016);Atividade com maior valor adicionado bruto;Produto Interno Bruto per capita,  a preços correntes (R$ 1,00);Durante o período da pandemia do COVID-19 foi necessário manter pessoas por mais de 24 horas em unidades sem internação;Foi instalado hospital de campanha durante a pandemia da COVID-19 no município;Houve a instalação de tendas de triagem para o combate da COVID-19, no município;Local (público ou privado) com condições de realizar testes PCR ou sorológicos em pacientes suspeitos de COVID-19 - existência;Nos casos de internação por COVID-19, houve necessidade de referenciar o(s) paciente(s) para outro município;O número de internações ultrapassou a capacidade de leitos e de unidades de tratamento intensivo (UTI) públicos ou privados con;O número de leitos foi ampliado para atender à demanda por internação no município em virtude da COVID-19;Serviço de atendimento de emergência - Serviço público municipal;Vigilância epidemiológica;Obrigatoriedade de máscara;Dias da eleição - Máscara;Dias da eleição - Máscara (Normalizado);;Início da restrição ao comércio;Dias da eleição - Restrição ao comércio;Dias da eleição - Restrição ao comércio (Normalizado);;IFDM 2016;IFDM Saúde 2016;IFDM Emprego 2016;IFDM 2020;IFDM Saúde 2020;IFDM Emprego 2020;delta_firjan_geral_16_20;piora_geral_16_20;delta_firjan_saude_16_20;piora_saude_16_20;delta_firjan_emprego_16_20;piora_emprego_16_20
Brasileia;AC;FERNANDA HASSEM;MANOEL PRETE;LEILA GALVÃO;27.123;10;4 - 20001 até 50000;1 - Norte;FEMININO;1;PT;2,069842897;1,992140384;0,077702513;13758;3855;17613;6819;6013;39;34;5;13.522;3322;16844;7651;4590;45;27;18;14;Administração, defesa, educação e saúde públicas e seguridade social;17.981,49;Não;Não;Não;Não;Sim;Sim;Sim;Não;Sim;22/05/2020;177;0,634285714;DECRETO N° 24 DE 22 DE MAIO DE 2020;22/05/2020;177;0,238636364; DECRETO N° 24 DE 22 DE MAIO DE 2020;0,4013;0,3308;0,4749;0,4832;0,3942;0,4891;0,0819;0;0,0634;0;0,0142;0
Epitaciolandia;AC;TIÃO FLORES;MARCOS FERNANDO;DELEGADO SERGIO LOPES ;18.979;10;3 - 10001 até 20000;1 - Norte;MASCULINO;0;PP;2,868590577;2,657969889;0,210620688;9276;2283;11559;4068;3026;35;26;9;9.447;2285;11732;741;3984;6;34;-28;-37;Administração, defesa, educação e saúde públicas e seguridade social;23.156,18;Não;Não;Sim;Sim;Sim;Não;Não;Não;Sim;20/05/2020;179;0,645714286;DECRETO Nº 51 DE 20 DE MAIO DE 2020;20/05/2020;179;0,261363636;DECRETO Nº 51 DE 20 DE MAIO DE 2020;0,3589;0,2553;0,4418;0,3918;0,2884;0,4493;0,0329;0;0,0331;0;0,0075;0
Mancio lima;AC;ISAAC LIMA;SILENE SIQUEIRA;CHICÃO;19.643;10;3 - 10001 até 20000;1 - Norte;MASCULINO;1;PT;1,985157322;2,02148981;-0,036332488;9890;2090;11980;5390;4024;45;34;11;10.964;2177;13141;4115;3460;31;26;5;-6;Administração, defesa, educação e saúde públicas e seguridade social;11.955,02;Não;Não;Sim;Sim;Sim;Não;Sim;Não;Sim;05/05/2020;194;0,731428571;DECRETO Nº, 074/2020, DE 05 DE MAIO DE 2020;20/03/2020;240;0,954545455;DECRETO Nº, 046/2020, DE 20 DE MARÇO DE 2020,;0,3001;0,2883;0,2509;0,3517;0,3806;0,2516;0,0516;0;0,0923;0;0,0007;0
Porto acre;AC;BENÉ DAMASCENO;DANIEL NOGUEIRA;ZÉ MARIA;19.141;10;3 - 10001 até 20000;1 - Norte;MASCULINO;1;PP;2,383062228;2,958365771;-0,575303542;10381;950;11331;4442;3227;39;28;11;10.026;2613;12639;5415;2761;43;22;21;10;Administração, defesa, educação e saúde públicas e seguridade social;12.948,19;Não;Não;Não;Sim;Sim;Não;Não;Não;Sim;10/09/2020;66;0;LEI Nº 3,647, DE 10 DE SETEMBRO DE 2020;20/03/2020;240;0,954545455;https://g1,globo,com/ac/acre/noticia/2020/03/20/prevencao-a-covid-19-governo-do-ac-determina-fechamento-de-shopping-bares-restaurantes-e-lanchonetes,ghtml;0,3439;0,401;0,404;0,2917;0,3302;0,3133;-0,0522;1;-0,0708;1;-0,0907;1
Sena madureira;AC;MAZINHO SERAFIM;TOINHA VIEIRA;GERLEN DINIZ;47.168;11;4 - 20001 até 50000;1 - Norte;MASCULINO;1;MDB;1,965406168;3,12608268;-1,160676513;21448;6108;27556;7889;6986;29;25;3;22.382;6603;28985;12183;9329;42;32;10;7;Administração, defesa, educação e saúde públicas e seguridade social;12.490,26;Não;Sim;Sim;Sim;Sim;Sim;Sim;Sim;Sim;22/04/2020;207;0,805714286;DECRETO Nº 041/2020, DE 22 DE ABRIL DE 2020;22/04/2020;207;0,579545455;DECRETO Nº 041/2020, DE 22 DE ABRIL DE 2020;0,2451;0,1584;0,3592;0,3093;0,2509;0,3632;0,0642;0;0,0925;0;0,004;0
Delmiro gouveia;AL;PADRE ERALDO;GIVALDO CARIMBÃO;ZIANE COSTA;52.501;11;5 - 50001 até 100000;2 - Nordeste;MASCULINO;0;PSD;3,215702044;2,369884547;0,845817497;30197;5940;36137;14722;10107;41;28;13;28.673;8804;37477;8989;10948;24;29;-5;-18;Administração, defesa, educação e saúde públicas e seguridade social;11.926,88;Não;Não;Sim;Sim;Sim;Sim;Sim;Sim;Sim;06/05/2020;193;0,725714286;DECRETO Nº06/2020, DE 06 DE MAIO DE 2020;20/03/2020;240;0,954545455;DECRETO Nº 005/2020, DE 20 DE MARÇO DE 2020,;0,3021;0,3314;0,4121;0,447;0,5029;0,4044;0,1449;0;0,1715;0;-0,0077;1
Marechal deodoro;AL;CACAU;JUNIOR DAMASO;JUNIOR DAMASO;52.848;11;5 - 50001 até 100000;2 - Nordeste;MASCULINO;1;MDB;1,999998978;1,999999825;-8,46835E-07;29765;5051;34816;13536;13528;39;39;0;31.667;6676;38343;14702;14681;38;38;0;0;Indústrias de transformação;54.137,07;Sim;Sim;Sim;Sim;Sim;Não;Não;Sim;Sim;21/04/2020;208;0,811428571;DECRETO Nº 025/2020, DE 21 DE ABRIL DE 2020;20/03/2020;240;0,954545455;https://g1,globo,com/al/alagoas/noticia/2020/03/20/alagoas-fecha-igrejas-shoppings-bares-e-outros-estabelecimentos-isolamento-total-diz-governador,ghtml;0,4055;0,387;0,5945;0,5433;0,572;0,6216;0,1378;0;0,185;0;0,0271;0
Palmeira dos indios;AL;JULIO CEZAR;DOUTORA VERÔNICA MEDEIROS;MOSABELLE RIBEIRO;73.452;11;5 - 50001 até 100000;2 - Nordeste;MASCULINO;1;PSB;2,019969293;2,010159169;0,009810124;40715;8605;49320;23786;9936;48;20;28;38.811;11994;50805;21469;13010;42;26;17;-11;Administração, defesa, educação e saúde públicas e seguridade social;13.595,71;Sim;Não;Sim;Sim;Sim;Sim;Sim;Sim;Sim;24/04/2020;205;0,794285714;DECRETO Nº 2,063, DE 24 DE ABRIL DE 2020, ;20/03/2020;240;0,954545455;DECRETO N,º 2,057 DE 20 DE MARÇO DE 2020 ;0,4089;0,3976;0,3913;0,5075;0,4596;0,4316;0,0986;0;0,062;0;0,0403;0
Rio largo;AL;GILBERTO GONÇALVES;PEDRO VICTOR;PEDRO VICTOR;75.662;11;5 - 50001 até 100000;2 - Nordeste;MASCULINO;1;PP;2,177340213;4,196991078;-2,019650865;44993;7335;52328;12633;10754;24;21;4;46.916;10716;57632;25355;13945;44;24;20;16;Demais serviços;17.389,26;Sim;Não;Sim;Sim;Sim;Sim;Sim;Não;Sim;30/04/2020;199;0,76;DECRETO N, 027/2020 DE 30 DE ABRIL DE 2020,;20/03/2020;240;0,954545455;DECRETO N,º 2,057 DE 20 DE MARÇO DE 2020 ;0,3894;0,3324;0,601;0,4964;0,392;0,6256;0,107;0;0,0596;0;0,0246;0
Uniao dos palmares;AL;KIL;EDUARDO PEDROZA;SEBASTIÃO DE JESUS;65.963;11;5 - 50001 até 100000;2 - Nordeste;MASCULINO;1;MDB;3,455846551;2,159772284;1,296074266;35547;7484;43031;17817;12734;41;30;12;34.512;10441;44953;13008;9800;29;22;7;-5;Agricultura, inclusive apoio à agricultura e a pós colheita;19.509,04;Não;Sim;Sim;Sim;Sim;Não;Sim;Não;Sim;30/04/2020;199;0,76;https://g1,globo,com/al/alagoas/noticia/2020/05/01/prefeitura-de-uniao-dos-palmares-endurece-restricoes-de-prevencao-ao-novo-coronavirus,ghtml?utm_source=chatgpt,com;20/03/2020;240;0,954545455;https://g1,globo,com/al/alagoas/noticia/2020/03/20/alagoas-fecha-igrejas-shoppings-bares-e-outros-estabelecimentos-isolamento-total-diz-governador,ghtml;0,332;0,3333;0,3711;0,4745;0,5002;0,3815;0,1425;0;0,1669;0;0,0104;0
Autazes;AM;ANDRESON CAVALCANTE;THOMÉ;THOMÉ NETO;41.005;11;4 - 20001 até 50000;1 - Norte;MASCULINO;1;PSC;3,030903612;2,574249797;0,456653815;21767;2073;23840;9729;8163;41;34;7;22.322;4043;26365;9101;7461;35;28;6;0;Administração, defesa, educação e saúde públicas e seguridade social;11.092,32;Sim;Sim;Sim;Sim;Sim;Não;Sim;Sim;Sim;20/04/2020;209;0,817142857;DECRETO 016;21/03/2020;239;0,943181818;https://bncamazonas,com,br/municipios/autazes-comercio-bares-igrejas/;0,2443;0,3264;0,2347;0,2751;0,3012;0,2776;0,0308;0;-0,0252;1;0,0429;0
Itacoatiara;AM;PEIXOTO;MAMOUD AMED FILHO;MÁRIO ABRAHIM;104.046;12;6 - 100001 até 500000;1 - Norte;MASCULINO;0;PT;3,925829032;2,893255684;1,032573348;52779;9564;62343;22284;18560;36;30;6;53.003;14267;67270;8113;19810;12;29;-17;-23;Demais serviços;22.140,55;Sim;Sim;Sim;Sim;Sim;Sim;Sim;Sim;Sim;27/04/2020;202;0,777142857;Decreto nº 0893;23/03/2020;237;0,920454545;DECRETO 42101;0,3413;0,3172;0,413;0,4225;0,4175;0,4065;0,0812;0;0,1003;0;-0,0065;1
Labrea;AM;GEAN BARROS;EVALDO GOMES;JOÃO ROBERTO;47.685;11;4 - 20001 até 50000;1 - Norte;MASCULINO;1;MDB;1,699995963;1,683259775;0,016736188;17075;6156;23231;11390;4498;49;19;30;19.481;5960;25441;13778;2600;54;10;44;14;Administração, defesa, educação e saúde públicas e seguridade social;11.856,93;Sim;Sim;Sim;Sim;Sim;Não;Sim;Sim;Sim;15/05/2020;184;0,674285714;https://www,amazonastur,am,gov,br/governo-do-amazonas-estende-restricoes-ate-31-de-maio-obriga-uso-de-mascara-e-multa-a-quem-descumprir-decreto%EF%BB%BF/;12/06/2020;156;0;DECRETO No 665/2020 – GPML;0,2771;0,321;0,2661;0,3305;0,3388;0,2825;0,0534;0;0,0178;0;0,0164;0
Parintins;AM;BI GARCIA;MARCIA BARANDA;JUSCELINO MANSO;116.439;12;6 - 100001 até 500000;1 - Norte;MASCULINO;1;DEM;1,860876487;2,11146476;-0,250588272;50678;13368;64046;30970;12773;48;20;28;52.202;17381;69583;32778;16262;47;23;24;-5;Administração, defesa, educação e saúde públicas e seguridade social;11.448,73;Sim;Não;Não;Sim;Sim;Sim;Sim;Sim;Sim;13/04/2020;216;0,857142857;DECRETO 027;20/03/2020;240;0,954545455;DECRETO Nº017/2020 - PGMP;0,3295;0,2867;0,3054;0,4102;0,3848;0,3085;0,0807;0;0,0981;0;0,0031;0
Sao gabriel da cachoeira;AM;CLOVIS  CURUBÃO;EDINHO GONÇALVES;CLAUDIO PONTES;47.031;11;4 - 20001 até 50000;1 - Norte;MASCULINO;1;PT;2,904980977;5,54780193;-2,642820953;20371;8385;28756;4649;2642;16;9;7;22.938;8247;31185;11197;6001;36;19;17;10;Administração, defesa, educação e saúde públicas e seguridade social;8.133,70;Sim;Sim;Sim;Sim;Sim;Não;Sim;Não;Sim;08/05/2020;191;0,714285714;DECRETO 20;20/04/2020;209;0,602272727;DECRETO Nº 13 DE 20 DE ABRIL DE 2020;0,2259;0,213;0,2921;0,2686;0,2301;0,3284;0,0427;0;0,0171;0;0,0363;0
Laranjal do jari;AP;MÁRCIO SERRÃO;SERGINHO 14;AYRTON NOBRE;52.302;11;5 - 50001 até 100000;1 - Norte;MASCULINO;1;DEM;3,543519167;3,543519167;0;22408;5310;27718;6849;6091;25;22;3;20.668;7704;28372;13111;4000;46;14;32;29;Administração, defesa, educação e saúde públicas e seguridade social;20.142,52;Sim;Não;Sim;Sim;Sim;Não;Não;Sim;Sim;27/04/2020;202;0,777142857;DECRETO 148/2020;20/03/2020;240;0,954545455;https://g1,globo,com/ap/amapa/noticia/2020/03/19/coronavirus-governo-do-amapa-decide-suspender-atividades-para-limitar-circulacao-de-pessoas,ghtml;0,268;0,2141;0,3085;0,3408;0,3385;0,3371;0,0728;0;0,1244;0;0,0286;0
Oiapoque;AP;MARIA ORLANDA;ARTUR DO AREAL;BRENO DO MIGUEL DO POSTO;28.534;10;4 - 20001 até 50000;1 - Norte;FEMININO;0;PSDB;5,053983122;3,27912866;1,774854462;12797;5464;18261;4834;3507;26;19;7;12.067;7480;19547;2959;2962;15;15;0;-7;Administração, defesa, educação e saúde públicas e seguridade social;17.494,76;Sim;Não;Sim;Sim;Sim;Não;Não;Não;Sim;20/04/2020;209;0,817142857;DECRETO N°262;08/04/2020;221;0,738636364;DECRETO N°237;0,2607;0,2696;0,2891;0,2814;0,2248;0,3609;0,0207;0;-0,0448;1;0,0718;0
Pedra branca do amapari;AP;BETH PELAES;IRMÃO WILSON;IRMÃO WILSON;17.625;10;3 - 10001 até 20000;1 - Norte;FEMININO;1;DEM;2,349719576;3,629464601;-1,279745025;6906;1410;8316;2159;2062;26;25;1;7.546;4192;11738;1992;2000;17;17;0;-1;Administração, defesa, educação e saúde públicas e seguridade social;27.493,88;Sim;Não;Sim;Sim;Sim;Não;Não;Não;Sim;23/04/2020;206;0,8;DECRETO Nº 160/2020;20/03/2020;240;0,954545455;https://g1,globo,com/ap/amapa/noticia/2020/03/19/coronavirus-governo-do-amapa-decide-suspender-atividades-para-limitar-circulacao-de-pessoas,ghtml;0,302;0,1967;0,5188;0,4491;0,4096;0,5978;0,1471;0;0,2129;0;0,079;0
Porto grande;AP;BESSA;TONHO;ELIELSON MORAES;22.927;10;4 - 20001 até 50000;1 - Norte;MASCULINO;1;PDT;4,350743156;3,962016402;0,388726754;10984;2191;13175;3402;2600;26;20;6;10.240;3441;13681;3306;2662;24;19;5;-1;Administração, defesa, educação e saúde públicas e seguridade social;16.993,05;Sim;Sim;Sim;Sim;Sim;Sim;Não;Sim;Sim;18/04/2020;211;0,828571429;Decreto Nº 1539 DE 18/04/2020;20/03/2020;240;0,954545455;https://g1,globo,com/ap/amapa/noticia/2020/03/19/coronavirus-governo-do-amapa-decide-suspender-atividades-para-limitar-circulacao-de-pessoas,ghtml;0,3132;0,1622;0,4617;0,3736;0,2681;0,4146;0,0604;0;0,1059;0;-0,0471;1
Tartarugalzinho;AP;RILDO OLIVEIRA;ALMIR REZENDE;BRUNO MINEIRO;18.217;10;3 - 10001 até 20000;1 - Norte;MASCULINO;0;MDB;2,559336655;2,542653109;0,016683546;7479;1035;8514;3984;1929;47;23;24;8.021;1706;9727;3176;3567;33;37;-4;-28;Administração, defesa, educação e saúde públicas e seguridade social;13.849,97;Não;Não;Não;Sim;Sim;Não;Não;Não;Sim;22/04/2020;207;0,805714286;DECRETO Nº063 DE 22 DE ABRIL DE 2020,;29/04/2020;200;0,5;DECRETO 068;0,3271;0,4036;0,2934;0,3391;0,409;0,3062;0,012;0;0,0054;0;0,0128;0
Alagoinhas;BA;JOAQUIM NETO;SONIA FONTES;PAULO CEZAR;153.023;12;6 - 100001 até 500000;2 - Nordeste;MASCULINO;1;PSD;3,0876289;3,939936468;-0,852307568;85710;8467;94177;25684;18890;27;20;7;82.869;24066;106935;28268;27015;26;25;1;-6;Demais serviços;29.241,79;Não;Não;Não;Sim;Sim;Sim;Sim;Não;Sim;20/04/2020;209;0,817142857;DECRETO 5266/2020;23/03/2020;237;0,920454545;DECRETO 5245/2020;0,4193;0,4236;0,5644;0,4695;0,5236;0,6046;0,0502;0;0,1;0;0,0402;0
Camacari;BA;ELINALDO;CAETANO;IVONEIDE CAETANO;309.208;13;6 - 100001 até 500000;2 - Nordeste;MASCULINO;1;DEM;2,231492674;1,98454389;0,246948784;135048;23072;158120;73994;44378;47;28;19;146.181;32945;179126;68927;52569;38;29;9;-10;Indústrias de transformação;84.446,59;Sim;Sim;Não;Sim;Sim;Sim;Sim;Sim;Sim;23/04/2020;206;0,8;DECRETO 7337/2020;20/03/2020;240;0,954545455;DECRETO 7315/2020;0,51;0,4928;0,7393;0,5416;0,5214;0,7357;0,0316;0;0,0286;0;-0,0036;1
Juazeiro;BA;PAULO BOMFIM;JOSEPH BANDEIRA;SUZANA RAMOS;219.544;12;6 - 100001 até 500000;2 - Nordeste;MASCULINO;0;PT;2,457072328;2,864549601;-0,407477273;121937;24436;146373;46183;43734;32;30;2;123.223;23686;146909;33553;64229;23;44;-21;-23;Demais serviços;20.120,96;Sim;Sim;Sim;Sim;Sim;Sim;Sim;Sim;Sim;02/07/2020;136;0,4;LEI Nº 14,019, DE 2 DE JULHO DE 2020;23/03/2020;237;0,920454545;Decreto 266/2020, de 23 de março de 2020;0,4763;0,5111;0,5772;0,5041;0,4797;0,5945;0,0278;0;-0,0314;1;0,0173;0
Lauro de freitas;BA;MOEMA GRAMACHO;MATEUS REIS;TEOBALDO;204.669;12;6 - 100001 até 500000;2 - Nordeste;FEMININO;1;PT;2,591229497;2,249427616;0,341801881;96770;21785;118555;43951;34101;37;29;8;111.003;34202;145205;50680;34216;35;24;11;3;Demais serviços;32.002,21;Sim;Sim;Sim;Sim;Sim;Sim;Sim;Sim;Sim;06/04/2020;223;0,897142857;DECRETO MUNICIPAL N° 4,607, DE 06 DE ABRIL DE 2020;19/03/2020;241;0,965909091;DECRETO MUNICIPAL Nº 4,594 DE 19 DE MARÇO DE 2020 ;0,5917;0,5499;0,7825;0,6044;0,5896;0,7894;0,0127;0;0,0397;0;0,0069;0
Vitoria da conquista;BA;HERZEM GUSMÃO;ZÉ RAIMUNDO;ZÉ RAIMUNDO;343.643;13;6 - 100001 até 500000;2 - Nordeste;MASCULINO;1;MDB;2,278925844;2,917820263;-0,638894419;182772;47826;230598;78455;51989;34;23;11;187.550;43626;231176;78732;81721;34;35;-1;-13;Demais serviços;20.905,86;Não;Não;Não;Sim;Não;Não;Sim;Sim;Sim;19/04/2020;210;0,822857143; Decreto 20,265;22/03/2020;238;0,931818182;DECRETO N,º 20,202, DE 22 DE MARÇO DE 2020,;0,4498;0,4064;0,6526;0,5275;0,5625;0,6569;0,0777;0;0,1561;0;0,0043;0
Aquiraz;CE;EDSON SÁ;GUIMARÃES;DR BRUNO GONÇALVES;81.581;11;5 - 50001 até 100000;2 - Nordeste;MASCULINO;0;PDT;1,988053182;2,094032464;-0,105979281;47311;4174;51485;26348;14109;51;27;24;50.652;7165;57817;21884;25562;38;44;-6;-30;Demais serviços;42.147,15;Não;Sim;Sim;Sim;Sim;Não;Sim;Sim;Sim;05/05/2020;194;0,731428571;https://g1,globo,com/ce/ceara/noticia/2020/05/05/camilo-prorroga-decreto-de-isolamento-ate-o-dia-20-de-maio-no-ceara-uso-de-mascara-sera-obrigatorio,ghtml;19/03/2020;241;0,965909091;DECRETO Nº33,519, de 19 de março de 2020;0,5493;0,5048;0,6606;0,6122;0,5604;0,6642;0,0629;0;0,0556;0;0,0036;0
Caucaia;CE;NAUMI AMORIM;EDUARDO PESSOA;VITOR VALIM;368.918;13;6 - 100001 até 500000;2 - Nordeste;MASCULINO;0;PSD;3,464591071;2,85374399;0,61084708;180332;32841;213173;73316;48450;34;23;12;189.148;32980;222128;69262;47171;31;21;10;-2;Demais serviços;19.873,31;Sim;Sim;Sim;Sim;Sim;Sim;Sim;Sim;Sim;31/05/2020;168;0,582857143;DECRETO Nº 1,110, DE 31 DE MAIO DE 2020,;20/03/2020;240;0,954545455;DECRETO Nº 1,100, DE 20 DE MARÇO DE 2020,;0,4558;0,3922;0,5058;0,5389;0,5039;0,5081;0,0831;0;0,1117;0;0,0023;0
Itapipoca;CE;JOÃO BARROSO;DR, DAGMAURO;FELIPE PINHEIRO;131.687;12;6 - 100001 até 500000;2 - Nordeste;MASCULINO;0;PSDB;2,776309144;2,662797251;0,113511893;75335;3977;79312;33158;27526;42;35;7;76.347;11554;87901;27415;31760;31;36;-5;-12;Administração, defesa, educação e saúde públicas e seguridade social;12.210,38;Sim;Sim;Sim;Sim;Não;Não;Sim;Sim;Sim;05/05/2020;194;0,731428571;https://g1,globo,com/ce/ceara/noticia/2020/05/05/camilo-prorroga-decreto-de-isolamento-ate-o-dia-20-de-maio-no-ceara-uso-de-mascara-sera-obrigatorio,ghtml;19/03/2020;241;0,965909091;DECRETO Nº33,519, de 19 de março de 2020;0,5047;0,5316;0,4416;0,5208;0,5124;0,4155;0,0161;0;-0,0192;1;-0,0261;1
Juazeiro do norte;CE;ARNON BEZERRA;GILMAR BENDER;GLÊDSON BEZERRA;278.264;13;6 - 100001 até 500000;2 - Nordeste;MASCULINO;0;PTB;3,003987253;3,170565649;-0,166578396;143179;17003;160182;55538;44321;35;28;7;143.931;30673;174604;48079;50715;28;29;-2;-9;Demais serviços;17.354,57;Sim;Sim;Sim;Sim;Não;Não;Sim;Sim;Sim;05/05/2020;194;0,731428571;DECRETO N° 521, DE 05 DE MAIO DE 2020;19/03/2020;241;0,965909091;DECRETO Nº33,519, de 19 de março de 2020;0,5225;0,4998;0,6037;0,5782;0,5621;0,5903;0,0557;0;0,0623;0;-0,0134;1
Sobral;CE;IVO GOMES;MOSES RODRIGUES;OSCAR RODRIGUES;212.437;12;6 - 100001 até 500000;2 - Nordeste;MASCULINO;1;PDT;1,934147984;2,313639695;-0,379491712;120638;10757;131395;57908;45209;44;34;10;121.470;20621;142091;66519;45795;47;32;15;5;Demais serviços;21.343,10;Sim;Sim;Sim;Sim;Não;Sim;Sim;Sim;Sim;30/04/2020;199;0,76;DECRETO 2414;19/03/2020;241;0,965909091;DECRETO 2376;0,6863;0,6995;0,6702;0,7452;0,7218;0,6929;0,0589;0;0,0223;0;0,0227;0
Cachoeiro de itapemirim;ES;VICTOR COELHO;JATHIR MOREIRA;DIEGO LIBARDI;212.172;12;6 - 100001 até 500000;3 - Sudeste;MASCULINO;1;PSB;2,986582709;2,408105831;0,578476878;109824;27114;136938;59377;24594;43;18;25;105.624;34814;140438;51926;17299;37;12;25;-1;Demais serviços;25.235,59;Não;Sim;Sim;Sim;Sim;Não;Sim;Sim;Sim;20/04/2020;209;0,817142857;DECRETO 2914/2020;20/03/2020;240;0,954545455;DECRETO 29363;0,632;0,5943;0,7459;0,7018;0,6833;0,7489;0,0698;0;0,089;0;0,003;0
Castelo;ES;PIASSI;DOMINGOS FRACAROLI;JOAO PAULO NALI;37.956;11;4 - 20001 até 50000;3 - Sudeste;MASCULINO;0;MDB;4,060716371;4,622936891;-0,56222052;23380;4775;28155;10564;7795;38;28;10;21.969;6898;28867;2029;6690;7;23;-16;-26;Demais serviços;29.086,42;Não;Não;Sim;Sim;Sim;Sim;Sim;Não;Sim;04/05/2020;195;0,737142857;DECRETO 17298;21/03/2020;239;0,943181818;https://g1,globo,com/es/espirito-santo/noticia/2020/03/20/governo-do-es-determina-fechamento-do-comercio-por-15-dias-para-evitar-avanco-do-novo-coronavirus,ghtml;0,5945;0,541;0,6697;0,6792;0,6612;0,7367;0,0847;0;0,1202;0;0,067;0
Guarapari;ES;EDSON MAGALHÃES;CARLOS VON;CARLOS VON;128.504;12;6 - 100001 até 500000;3 - Sudeste;MASCULINO;1;PSDB;3,656135049;2,477225745;1,178909304;69888;18362;88250;27926;27772;32;31;0;68.436;24175;92611;23068;20453;25;22;3;3;Demais serviços;18.272,89;Sim;Não;Sim;Sim;Sim;Sim;Sim;Sim;Sim;17/04/2020;212;0,834285714;https://www,portal27,com,br/novo-decreto-exige-uso-de-mascaras-e-deixa-alguns-comercios-sem-limitacao-de-horario-em-guarapari/;18/03/2020;242;0,977272727;DECRETO Nº, 203/2020;0,5499;0,5524;0,6513;0,605;0,5478;0,6563;0,0551;0;-0,0046;1;0,005;0
Linhares;ES;GUERINO ZANON;ELIANA;LUCAS SCARAMUSSA;179.755;12;6 - 100001 até 500000;3 - Sudeste;MASCULINO;1;MDB;2,54768768;1,76009909;0,78758859;88885;21264;110149;59147;11562;54;10;43;84.316;29836;114152;41581;22162;36;19;17;-26;Demais serviços;37.766,15;Não;Não;Sim;Sim;Não;Não;Sim;Sim;Sim;21/04/2020;208;0,811428571;https://www,agazeta,com,br/es/norte/linhares-obriga-o-uso-de-mascaras-no-comercio-e-no-servico-publico-0420;18/03/2020;242;0,977272727;DECRETO Nº 372, DE 18 DE MARÇO DE 2020;0,6356;0,5824;0,8128;0,7101;0,6434;0,8459;0,0745;0;0,061;0;0,0331;0
Vila velha;ES;MAX FILHO;NEUCIMAR FRAGA;ARNALDINHO BORGO;508.655;13;7 - Maior que 500000;3 - Sudeste;MASCULINO;0;PSDB;4,157709605;3,581891483;0,575818121;251572;65056;316628;80297;65745;25;21;5;235.849;79375;315224;46523;73122;15;23;-8;-13;Demais serviços;25.115,27;Sim;Não;Sim;Sim;Sim;Não;Sim;Sim;Sim;31/05/2020;168;0,582857143;DECRETO Nº 127, DE 31 DE maio DE 2020;21/03/2020;239;0,943181818;https://g1,globo,com/es/espirito-santo/noticia/2020/03/20/governo-do-es-determina-fechamento-do-comercio-por-15-dias-para-evitar-avanco-do-novo-coronavirus,ghtml;0,6062;0,601;0,7466;0,6493;0,6579;0,7448;0,0431;0;0,0569;0;-0,0018;1
Aparecida de goiania;GO;GUSTAVO MENDANHA;MARLÚCIO PEREIRA;BRUNO FELIPE;601.844;13;7 - Maior que 500000;5 - Centro-Oeste;MASCULINO;1;MDB;1,024250703;2,272033237;-1,247782534;233088;47760;280848;122122;42966;43;15;28;229.049;79700;308749;197491;6235;64;2;62;34;Demais serviços;25.173,46;Não;Sim;Sim;Sim;Não;Não;Sim;Sim;Sim;20/07/2020;118;0,297142857;Decreto nº 260;03/04/2020;226;0,795454545;PORTARIA N° 13/2020-GAB/SMS;0,5641;0,5782;0,7395;0,622;0,5999;0,771;0,0579;0;0,0217;0;0,0315;0
Catalao;GO;ADIB ELIAS;JARDEL SEBBA;ELDER GALDINO;113.091;12;6 - 100001 até 500000;5 - Centro-Oeste;MASCULINO;1;PODE;2,358923461;1,885930003;0,472993459;58930;6412;65342;37561;14631;57;22;35;54.578;16482;71060;28984;14356;41;20;21;-15;Indústrias de transformação;65.498,10;Não;Sim;Não;Sim;Sim;Sim;Sim;Sim;Sim;19/04/2020;210;0,822857143;Decreto Nº 9653 DE 19/04/2020 ;17/03/2020;243;0,988636364;DECRETO Nº 2,046, DE 17 DE MARÇO DE 2020,;0,6321;0,6005;0,7477;0,679;0,6861;0,7776;0,0469;0;0,0856;0;0,0299;0
Itumbiara;GO;ZÉ ANTÔNIO;ALVARO GUIMARÃES;DIONE DA FAMÓVEIS;106.845;12;6 - 100001 até 500000;5 - Centro-Oeste;MASCULINO;0;REPUBLICANOS;3,759861963;1,903698126;1,856163837;59436;7686;67122;36143;14050;54;21;33;54.084;18120;72204;8054;16640;11;23;-12;-45;Demais serviços;45.096,18;Sim;Sim;Sim;Sim;Sim;Sim;Sim;Sim;Sim;19/04/2020;210;0,822857143;Decreto Nº 9653 DE 19/04/2020 ;20/03/2020;240;0,954545455;DECRETO Nº 256/2020;0,6642;0,4923;0,8461;0,7102;0,567;0,8453;0,046;0;0,0747;0;-0,0008;1
Rio verde;GO;PAULO DO VALE;HEULER;DR OSVALDO;247.259;12;6 - 100001 até 500000;5 - Centro-Oeste;MASCULINO;1;DEM;2,277057229;2,75376937;-0,476712141;105806;11772;117578;47963;26988;41;23;18;96.573;36236;132809;45580;37402;34;28;6;-12;Demais serviços;49.156,63;Sim;Sim;Sim;Sim;Sim;Sim;Sim;Sim;Sim;04/06/2020;164;0,56;DECRETO 1129/2020;06/04/2020;223;0,761363636;DECRETO 812;0,6225;0,4681;0,8571;0,6758;0,5503;0,8925;0,0533;0;0,0822;0;0,0354;0
Senador canedo;GO;DIVINO LEMES;ZELIO CANDIDO;FERNANDO PELLOZO;121.447;12;6 - 100001 até 500000;5 - Centro-Oeste;MASCULINO;0;PODE;2,029659384;3,627025354;-1,597365969;56819;8792;65611;11160;9657;17;15;2;62.814;14178;76992;17279;36807;22;48;-25;-28;Indústrias de transformação;32.428,11;Sim;Sim;Sim;Sim;Sim;Sim;Sim;Sim;Não;19/04/2020;210;0,822857143;Decreto Nº 9653 DE 19/04/2020 ;21/03/2020;239;0,943181818;https://g1,globo,com/es/espirito-santo/noticia/2020/03/20/governo-do-es-determina-fechamento-do-comercio-por-15-dias-para-evitar-avanco-do-novo-coronavirus,ghtml;0,4845;0,443;0,5955;0,5426;0,5275;0,6076;0,0581;0;0,0845;0;0,0121;0
Balsas;MA;DR, ERIK;CHICO COELHO;ZÉ GABRIEL;96.951;11;5 - 50001 até 100000;2 - Nordeste;MASCULINO;1;PDT;1,368280698;2,239843369;-0,871562671;48031;4830;52861;23751;17233;45;33;12;47.017;12186;59203;37475;7152;63;12;51;39;Agricultura, inclusive apoio à agricultura e a pós colheita;49.786,61;Sim;Sim;Sim;Sim;Sim;Sim;Sim;Sim;Sim;05/05/2020;194;0,731428571;DECRETO 35;21/03/2020;239;0,943181818;DECRETO 024;0,3826;0,2213;0,6267;0,5222;0,4823;0,6844;0,1396;0;0,261;0;0,0577;0
Caxias;MA;FABIO GENTIL;LEO COUTINHO;ADELMO SOARES;166.159;12;6 - 100001 até 500000;2 - Nordeste;MASCULINO;1;REPUBLICANOS;1,481871429;1,999506279;-0,517634851;83469;6859;90328;39171;37959;43;42;1;84.362;16638;101000;62075;10334;61;10;51;50;Administração, defesa, educação e saúde públicas e seguridade social;11.564,24;Sim;Sim;Não;Sim;Não;Sim;Sim;Sim;Sim;30/04/2020;199;0,76;DECRETO Nº 152, DE 30 DE ABRIL DE 2020;22/03/2020;238;0,931818182;DECRETO N°94/2020;0,3809;0,3574;0,406;0,4444;0,4835;0,3896;0,0635;0;0,1261;0;-0,0164;1
Coroata;MA;LUIS DA AMOVELAR FILHO;TERESA MURAD;EDIMAR FRANCO;65.788;11;5 - 50001 até 100000;2 - Nordeste;MASCULINO;1;PT;2,863919066;2,009126249;0,854792817;34191;3585;37776;16624;14718;44;39;5;34.109;8195;42304;13952;10572;33;25;8;3;Administração, defesa, educação e saúde públicas e seguridade social;7.318;Sim;Não;Sim;Sim;Não;Não;Sim;Sim;Sim;04/05/2020;195;0,737142857;Decreto n° 29 de 04 de maio de 2020,;14/04/2020;215;0,670454545;Decreto n° 20 de 14 de abril de 2020,;0,3775;0,45;0,312;0,4632;0,4935;0,3366;0,0857;0;0,0435;0;0,0246;0
Grajau;MA;MERCIAL ARRUDA;SIMONE LIMEIRA;MARINALDO DO GESSO;70.692;11;5 - 50001 até 100000;2 - Nordeste;MASCULINO;1;MDB;2,339617437;2,084021811;0,255595626;38416;8893;47309;20352;14785;43;31;12;36.081;6685;42766;17289;14177;40;33;7;-4;Administração, defesa, educação e saúde públicas e seguridade social;11.911,80;Sim;Não;Sim;Sim;Sim;Não;Sim;Não;Sim;20/04/2020;209;0,817142857;Decreto Nº 35746 DE 20/04/2020;21/03/2020;239;0,943181818;DECRETO 014/2020;0,249;0,1182;0,4609;0,372;0,3004;0,4927;0,123;0;0,1822;0;0,0318;0
Tutoia;MA;ROMILDO DO HOSPITAL;ALEXANDRE BAQUIL;DIRINGA;59.927;11;5 - 50001 até 100000;2 - Nordeste;MASCULINO;0;PSDB;3,213864757;2,61001262;0,603852138;29809;9887;39696;14573;7353;37;19;18;29.665;5389;35054;6504;13258;19;38;-19;-37;Administração, defesa, educação e saúde públicas e seguridade social;7.306,30;Sim;Não;Sim;Sim;Sim;Sim;Sim;Sim;Sim;20/04/2020;209;0,817142857;Decreto Nº 35746 DE 20/04/2020;21/03/2020;239;0,943181818;https://g1,globo,com/es/espirito-santo/noticia/2020/03/20/governo-do-es-determina-fechamento-do-comercio-por-15-dias-para-evitar-avanco-do-novo-coronavirus,ghtml;0,2457;0,184;0,3247;0,3431;0,2878;0,3372;0,0974;0;0,1038;0;0,0125;0
Belo horizonte;MG;KALIL;JOÃO LEITE;BRUNO ENGLER;2.530.701;15;7 - Maior que 500000;3 - Sudeste;MASCULINO;1;PSD;2,331870818;4,849016622;-2,517145804;1509919;417537;1927456;314845;395952;16;21;-4;1.392.551;550633;1943184;784307;123215;40;6;34;38;Demais serviços;38.670,40;Sim;Não;Sim;Sim;Não;Não;Sim;Sim;Sim;16/04/2020;213;0,84;DECRETO Nº 17,332, DE 16 DE ABRIL DE 2020;18/03/2020;242;0,977272727;Decreto - 17304/2020;0,7509;0,744;0,8552;0,781;0,7702;0,8631;0,0301;0;0,0262;0;0,0079;0
Betim;MG;VITTORIO MEDIOLI;IVAIR NOGUEIRA;MARIA DO CARMO;450.024;13;6 - 100001 até 500000;3 - Sudeste;MASCULINO;1;PSD;1,65010065;2,400273522;-0,750172872;236007;42226;278233;119750;30001;43;11;32;229.695;44807;274502;153144;28906;56;11;45;13;Indústrias de transformação;58.871,28;Sim;Sim;Não;Sim;Não;Não;Sim;Sim;Sim;20/03/2020;240;0,994285714;DECRETO Nº 42,029;15/04/2020;214;0,659090909;DECRETO 42,079;0,651;0,6221;0,7591;0,7006;0,7332;0,7842;0,0496;0;0,1111;0;0,0251;0
Montes claros;MG;HUMBERTO SOUTO;LENINHA;RUY MUNIZ;417.478;13;6 - 100001 até 500000;3 - Sudeste;MASCULINO;1;CIDADANIA;1,361003229;2,488463608;-1,127460379;216973;45523;262496;76595;48834;29;19;11;220.486;58788;279274;177592;15184;64;5;58;48;Demais serviços;23.426,26;Não;Não;Sim;Sim;Não;Sim;Sim;Sim;Sim;20/03/2020;240;0,994285714;Decreto nº, 4007, 20 de março de 2020;22/04/2020;207;0,579545455;Decreto nº, 4029, 17 DE ABRIL DE 2020;0,6622;0,6487;0,7026;0,6777;0,7114;0,7404;0,0155;0;0,0627;0;0,0378;0
Ribeirao das neves;MG;JUNYNHO MARTINS;ANTONIO CARLOS CANTOR;DELEI;341.415;13;6 - 100001 até 500000;3 - Sudeste;MASCULINO;1;DEM;2,688986502;2,461521749;0,227464753;160709;35424;196133;68656;39167;35;20;15;165.873;48972;214845;72679;35398;34;16;17;2;Administração, defesa, educação e saúde públicas e seguridade social;13.099,23;Não;Sim;Sim;Sim;Sim;Sim;Sim;Sim;Sim;15/04/2020;214;0,845714286;DECRETO Nº 42/2020,;23/03/2020;237;0,920454545;DECRETO Nº 28/2020,;0,4821;0,4961;0,4867;0,5081;0,5078;0,4883;0,026;0;0,0117;0;0,0016;0
Uberlandia;MG;ODELMO LEÃO;ALEXANDRE ANDRADE;ADRIANO ZAGO;706.597;13;7 - Maior que 500000;3 - Sudeste;MASCULINO;1;PP;1,91217319;1,79384549;0,1183277;385705;92545;478250;250390;57807;52;12;40;360.437;126113;486550;228390;39584;47;8;39;-1;Demais serviços;53.828,78;Sim;Não;Sim;Sim;Sim;Sim;Sim;Sim;Sim;18/04/2020;211;0,828571429;https://www,almg,gov,br/acompanhe/noticias/arquivos/2020/04/18_sancao_governador_lei_mascaras_violencia_mulher,html;20/03/2020;240;0,954545455;DECRETO Nº 18,553, DE 20 DE MARÇO DE 2020,;0,7515;0,7419;0,8991;0,7853;0,8119;0,9102;0,0338;0;0,07;0;0,0111;0
Amambai;MS;DR BANDEIRA;GILMAR VICENTIN;ZÉ BAMBIL;40.247;11;4 - 20001 até 50000;5 - Centro-Oeste;MASCULINO;1;PSDB;1,902500104;3,351483298;-1,448983195;19092;5453;24545;7221;5203;29;21;8;19.144;6751;25895;11157;7038;43;27;16;8;Administração, defesa, educação e saúde públicas e seguridade social;32.016,94;Não;Não;Sim;Sim;Sim;Sim;Sim;Não;Sim;11/05/2020;188;0,697142857;https://www,amambainoticias,com,br/2020/05/11/uso-obrigatorio-de-mascara-e-toque-de-recolher-a-partir-desta-segunda/;21/03/2020;239;0,943181818;https://amambai,ms,gov,br/noticia/15283/bandeira-assina-decreto-que-dispoe-sobre-funcionamento-de-estabelecimentos-e-determina-toque-de-recolher/;0,3932;0,1634;0,6198;0,5291;0,3581;0,6399;0,1359;0;0,1947;0;0,0201;0
Aquidauana;MS;ODILON RIBEIRO;PINHEIRO;DRA    VIVIANE ORRO;48.184;11;4 - 20001 até 50000;5 - Centro-Oeste;MASCULINO;1;PSDB;1,712717172;2,030162298;-0,317445126;26084;8352;34436;15061;7594;44;22;22;25.736;9287;35023;17939;5036;51;14;37;15;Administração, defesa, educação e saúde públicas e seguridade social;21.548,90;Não;Não;Sim;Sim;Sim;Sim;Não;Sim;Sim;15/05/2020;184;0,674285714;DECRETO MUNICIPAL N,º 080/2020;28/03/2020;232;0,863636364;DECRETO MUNICIPAL N,º 041/2020;0,4844;0,481;0,6211;0,5508;0,5346;0,6221;0,0664;0;0,0536;0;0,001;0
Navirai;MS;DR IZAURI;LÉO MATOS;RHAIZA MATOS;56.484;11;5 - 50001 até 100000;5 - Centro-Oeste;MASCULINO;0;DEM;3,585246779;1,57009977;2,015147009;27986;8038;36024;19120;5984;53;17;36;26.309;9858;36167;7493;8873;21;25;-4;-40;Demais serviços;45.633,80;Sim;Não;Sim;Sim;Sim;Sim;Sim;Sim;Sim;27/04/2020;202;0,777142857;DECRETO Nº 46, DE 27 ABRIL DE 2020,;23/03/2020;237;0,920454545;DECRETO Nº 27, DE 23 MARÇO DE 2020,;0,6595;0,5876;0,8005;0,6906;0,6321;0,7613;0,0311;0;0,0445;0;-0,0392;1
Nova andradina;MS;GILBERTO GARCIA;ROBERTO HASHIOKA;ROBERTO HASHIOKA;56.057;11;5 - 50001 até 100000;5 - Centro-Oeste;MASCULINO;1;PL;2,561241663;2,741537027;-0,180295363;25620;7824;33444;10172;10145;30;30;0;24.419;8947;33366;11139;9240;33;28;6;6;Demais serviços;45.159,29;Sim;Sim;Sim;Sim;Sim;Sim;Sim;Sim;Sim;02/07/2020;136;0,4;LEI 1581;24/03/2020;236;0,909090909;https://valedoivinhemagora,com,br/decreto-poe-nova-andradina-em-situacao-de-emergencia-e-comercio-fecha-as-portas-por-15-dias/;0,6461;0,4947;0,7766;0,7391;0,6366;0,8246;0,093;0;0,1419;0;0,048;0
Tres lagoas;MS;ANGELO GUERREIRO;JORGE MARTINHO;FABRÍCIO VENTUROLI;125.137;12;6 - 100001 até 500000;5 - Centro-Oeste;MASCULINO;1;PSDB;2,159566969;2,112937758;0,046629211;58136;17707;75843;30033;17675;40;23;16;57.810;26163;83973;33331;11606;40;14;26;10;Indústrias de transformação;94.305,67;Sim;Não;Sim;Sim;Sim;Sim;Sim;Sim;Sim;11/05/2020;188;0,697142857;https://www,amambainoticias,com,br/2020/05/11/uso-obrigatorio-de-mascara-e-toque-de-recolher-a-partir-desta-segunda/;21/03/2020;237;0,920454545;;0,6555;0,6203;0,833;0,7307;0,6995;0,8553;0,0752;0;0,0792;0;0,0223;0
Campo novo do parecis;MT;RAFAEL MACHADO;CLOVIS DE PAULA;PIM;36.917;11;4 - 20001 até 50000;5 - Centro-Oeste;MASCULINO;1;PSL;2,999212616;2,790554462;0,208658154;15815;5003;20818;6337;5356;30;26;5;17.743;7066;24809;6395;5902;26;24;2;-3;Agricultura, inclusive apoio à agricultura e a pós colheita;127.547,83;Não;Não;Sim;Sim;Sim;Sim;Sim;Sim;Sim;22/04/2020;207;0,805714286;LEI ESTADUAL Nº 11,110, DE 22 DE ABRIL DE 2020,;23/03/2020;237;0,920454545;DECRETO Nº 51, DE 23 DE MARÇO DE 2020,;0,6194;0,4922;0,8859;0,6609;0,5176;0,8858;0,0415;0;0,0254;0;-1E-04;1
Cuiaba;MT;EMANUEL PINHEIRO;WILSON SANTOS;ABILIO;623.614;13;7 - Maior que 500000;5 - Centro-Oeste;MASCULINO;1;MDB;3,908919125;3,748298818;0,160620307;332438;82660;415098;98051;81531;24;20;4;294.861;83236;378097;82367;90631;22;24;-2;-6;Demais serviços;42.918,31;Sim;Não;Sim;Sim;Não;Sim;Sim;Sim;Sim;16/04/2020;213;0,84;DECRETO 7885;20/03/2020;240;0,954545455;DECRETO 7849;0,6975;0,691;0,8765;0,7113;0,6898;0,8726;0,0138;0;-0,0012;1;-0,0039;1
Juina;MT;ALTIR PERUZZO;DR, EMÍLIO POPULO;PAULO VERONESE;41.190;11;4 - 20001 até 50000;5 - Centro-Oeste;MASCULINO;0;PT;2,08227444;2,088030762;-0,005756322;23630;7660;31290;12187;9088;39;29;10;22.111;9767;31878;8004;12057;25;38;-13;-23;Demais serviços;28.732,52;Sim;Não;Sim;Sim;Sim;Sim;Sim;Sim;Sim;22/04/2020;207;0,805714286;LEI ESTADUAL Nº 11,110, DE 22 DE ABRIL DE 2020,;04/04/2020;225;0,784090909;DECRETO Nº 416, DE 04 DE ABRIL DE 2020,;0,61;0,4934;0,7706;0,6847;0,6024;0,7966;0,0747;0;0,109;0;0,026;0
Pontes e lacerda;MT;ALCINO BARCELOS;ROMES;INSPETOR ANTONIO;46.105;11;4 - 20001 até 50000;5 - Centro-Oeste;MASCULINO;1;REPUBLICANOS;1,450370127;2,142587833;-0,692217706;22370;5250;27620;11817;7861;43;28;14;21.990;8448;30438;16761;3988;55;13;42;28;Demais serviços;43.762,66;Sim;Não;Sim;Sim;Sim;Sim;Sim;Não;Sim;22/04/2020;207;0,805714286;LEI ESTADUAL Nº 11,110, DE 22 DE ABRIL DE 2020,;20/03/2020;240;0,954545455;DECRETO MUNICIPAL Nº 056, DE 20/03/2020;0,5845;0,4999;0,7814;0,6075;0,4496;0,8373;0,023;0;-0,0503;1;0,0559;0
Sorriso;MT;ARI LAFIN;DILCEU ROSSATO;XUXU DAL MOLIN;94.941;11;5 - 50001 até 100000;5 - Centro-Oeste;MASCULINO;1;PSDB;1,621821871;2,009286557;-0,387464686;41435;11125;52560;21008;17551;40;33;7;43.665;17313;60978;30179;10524;49;17;32;26;Agricultura, inclusive apoio à agricultura e a pós colheita;98.278,56;Não;Sim;Não;Sim;Sim;Sim;Sim;Sim;Sim;22/04/2020;207;0,805714286;LEI ESTADUAL Nº 11,110, DE 22 DE ABRIL DE 2020,;23/03/2020;237;0,920454545;https://g1,globo,com/mt/mato-grosso/noticia/2020/03/22/para-prevenir-coronavirus-prefeitura-de-sorriso-mt-decreta-situacao-de-emergencia-e-fecha-comercio,ghtml;0,6513;0,563;0,911;0,7207;0,6209;0,9422;0,0694;0;0,0579;0;0,0312;0
Abaetetuba;PA;CHITA;ELTON MAUÉS;FRANCINETI CARVALHO;160.439;12;6 - 100001 até 500000;1 - Norte;MASCULINO;0;MDB;4,676251317;4,584662699;0,091588618;88935;15730;104665;25735;20366;25;19;5;95.032;18629;113661;20615;26153;18;23;-5;-10;Administração, defesa, educação e saúde públicas e seguridade social;10.413,48;Sim;Não;Não;Sim;Sim;Não;Não;Sim;Sim;21/04/2020;208;0,811428571;DECRETO 473/2020;16/03/2020;244;1;Decreto Nº 609 DE 16/03/2020;0,3181;0,3049;0,3421;0,3888;0,3381;0,3518;0,0707;0;0,0332;0;0,0097;0
Braganca;PA;RAIMUNDÃO;EDSON OLIVEIRA;RENATO OLIVEIRA;130.122;12;6 - 100001 até 500000;1 - Norte;MASCULINO;1;PSDB;2,43891794;3,080331286;-0,641413346;67161;8306;75467;27437;22138;36;29;7;67.338;16140;83478;38481;12356;46;15;31;24;Administração, defesa, educação e saúde públicas e seguridade social;10.682,63;Sim;Não;Sim;Sim;Sim;Sim;Sim;Sim;Sim;12/05/2020;187;0,691428571;DECRETO 115/2020;15/04/2020;214;0,659090909;https://redepara,com,br/Noticia/212281/prefeitura-de-braganca-determina-fechamento-do-comercio;0,2593;0,2417;0,3567;0,3735;0,3795;0,3555;0,1142;0;0,1378;0;-0,0012;1
Breves;PA;TONINHO BARBOSA;LUTH REBELO;XARÃO LEÃO;104.280;12;6 - 100001 até 500000;1 - Norte;MASCULINO;0;REPUBLICANOS;3,096992495;2,973170401;0,123822094;47918;13310;61228;17268;17116;28;28;0;54.468;14884;69352;12473;19220;18;28;-10;-10;Administração, defesa, educação e saúde públicas e seguridade social;8.185,99;Não;Não;Não;Sim;Sim;Sim;Sim;Sim;Sim;14/05/2020;185;0,68;https://agenciapara,com,br/noticia/19537/estado-publica-lei-que-obriga-o-uso-de-mascaras-em-todo-territorio-paraense;16/03/2020;244;1;Decreto Nº 609 DE 16/03/2020;0,2723;0,2526;0,3946;0,3287;0,3155;0,3714;0,0564;0;0,0629;0;-0,0232;1
Castanhal;PA;PEDRO COELHO;PAULO TITAN;TITAN;205.667;12;6 - 100001 até 500000;1 - Norte;MASCULINO;0;CIDADANIA;4,956156494;2,578973911;2,377182582;107408;13873;121281;52285;29602;43;24;19;105.384;24574;129958;24457;26857;19;21;-2;-21;Demais serviços;21.122,55;Sim;Não;Sim;Sim;Sim;Sim;Sim;Sim;Sim;14/05/2020;185;0,68;https://agenciapara,com,br/noticia/19537/estado-publica-lei-que-obriga-o-uso-de-mascaras-em-todo-territorio-paraense;01/05/2020;198;0,477272727;https://g1,globo,com/pa/para/noticia/2020/05/01/apos-entrar-em-colapso-na-saude-castanhal-decreta-fechamento-do-comercio-nao-essencial,ghtml;0,4208;0,4409;0,5685;0,4876;0,4824;0,5933;0,0668;0;0,0415;0;0,0248;0
Itaituba;PA;VALMIR CLIMACO;IVAN DALMEIDA;IVAN DALMEIDA;101.541;12;6 - 100001 até 500000;1 - Norte;MASCULINO;1;MDB;1,537509193;2,641179023;-1,10366983;55199;20239;75438;26293;15244;35;20;15;57.574;26401;83975;42077;12270;50;15;35;21;Demais serviços;25.900,08;Sim;Sim;Sim;Sim;Sim;Sim;Sim;Sim;Sim;14/05/2020;185;0,68;https://agenciapara,com,br/noticia/19537/estado-publica-lei-que-obriga-o-uso-de-mascaras-em-todo-territorio-paraense;12/06/2020;156;0;DECRETO 082;0,3118;0,1698;0,516;0,3884;0,2891;0,556;0,0766;0;0,1193;0;0,04;0
Alagoa grande;PB;SOBRINHO;JOSILDO OLIVEIRA;BÔDA;28.384;10;4 - 20001 até 50000;2 - Nordeste;MASCULINO;1;PP;2,893935994;2,461921954;0,43201404;17689;6331;24020;7474;6704;31;28;3;17.556;3924;21480;7000;4969;33;23;9;6;Administração, defesa, educação e saúde públicas e seguridade social;9.884,10;Não;Não;Sim;Sim;Sim;Sim;Sim;Sim;Sim;28/05/2020;171;0,6;DECRETO 43/2020;19/03/2020;241;0,965909091;DECRETO 19/2020;0,3776;0,5484;0,3099;0,3906;0,5135;0,3285;0,013;0;-0,0349;1;0,0186;0
Areia;PB;JOÃO FRANCISCO;PAULO MOVEIS;DRA SILVIA;22.493;10;4 - 20001 até 50000;2 - Nordeste;MASCULINO;0;PSDB;2,079695152;1,944270085;0,135425067;15701;3884;19585;8873;5254;45;27;18;14.727;3220;17947;6040;7248;34;40;-7;-25;Administração, defesa, educação e saúde públicas e seguridade social;10.754,72;Não;Não;Sim;Não;Sim;Não;Não;Sim;Sim;11/05/2020;188;0,697142857;DECRETO 15/2020;21/03/2020;239;0,943181818;DECRETO 005/2020;0,3504;0,3893;0,3387;0,5009;0,6483;0,3683;0,1505;0;0,259;0;0,0296;0
Cajazeiras;PB;ZÉ ALDEMIR;DRA DENISE;DRA DENISE;62.576;11;5 - 50001 até 100000;2 - Nordeste;MASCULINO;1;PP;2,556951634;2,151547057;0,405404577;36762;8653;45415;16926;15839;37;35;2;36.462;7959;44421;16416;12688;37;29;8;6;Demais serviços;18.213,02;Sim;Não;Sim;Sim;Sim;Sim;Sim;Sim;Sim;18/05/2020;181;0,657142857;DECRETO 22/2020;18/05/2020;181;0,284090909;DECRETO 22/2020;0,4905;0,6037;0,4851;0,5743;0,6495;0,4923;0,0838;0;0,0458;0;0,0072;0
Mamanguape;PB;EUNICE;FABIO FERNANDES;FABRÍCIO SALES;45.385;11;4 - 20001 até 50000;2 - Nordeste;FEMININO;1;CIDADANIA;1,87512932;2,074275078;-0,199145758;26516;3483;29999;12859;11020;43;37;6;25.634;5289;30923;14991;8841;48;29;20;14;Administração, defesa, educação e saúde públicas e seguridade social;15.320,26;Não;Não;Sim;Sim;Sim;Não;Sim;Sim;Sim;29/05/2020;170;0,594285714;LEI Nº, 1115/2020 ;18/03/2020;242;0,977272727;https://g1,globo,com/pb/paraiba/noticia/2020/03/18/shoppings-mudam-funcionamento-e-comercio-adota-medidas-de-prevencao-ao-coronavirus-na-pb,ghtml;0,3953;0,4005;0,5358;0,4412;0,4107;0,5517;0,0459;0;0,0102;0;0,0159;0
Mari;PB;ANTONIO GOMES;MARCOS MARTINS;MARCOS MARTINS;21.895;10;4 - 20001 até 50000;2 - Nordeste;MASCULINO;1;PL;2,560317252;2,166443468;0,393873784;13724;3537;17261;6298;5913;36;34;2;14.348;2027;16375;6263;5671;38;35;4;1;Administração, defesa, educação e saúde públicas e seguridade social;10.091,56;Sim;Não;Sim;Sim;Sim;Não;Sim;Sim;Sim;01/05/2020;198;0,754285714;https://paraiba,pb,gov,br/noticias/governo-prorroga-medidas-de-isolamento-social-e-torna-obrigatorio-uso-de-mascaras-em-espacos-publicos;20/03/2020;240;0,954545455;Decreto Nº 40135 DE 20/03/2020;0,3783;0,5326;0,3121;0,4392;0,5298;0,3118;0,0609;0;-0,0028;1;-0,0003;1
Cabo de santo agostinho;PE;LULA CABRAL;BETINHO;KEKO DO ARMAZEM;210.796;12;6 - 100001 até 500000;2 - Nordeste;MASCULINO;0;PSB;2,863997109;2,232404001;0,631593108;136514;25711;162225;66970;44028;41;27;14;130.451;22611;153062;33449;54305;22;35;-14;-28;Demais serviços;48.296,36;Sim;Sim;Não;Sim;Sim;Sim;Sim;Sim;Sim;31/07/2020;107;0,234285714;DECRETO Nº 49,252, DE 31 DE JULHO DE 2020,;20/03/2020;240;0,954545455;DECRETO Nº 48,834, DE 20 DE MARÇO DE 2020;0,5446;0,5719;0,6425;0,5593;0,5429;0,6413;0,0147;0;-0,029;1;-0,0012;1
Jaboatao dos guararapes;PE;ANDERSON FERREIRA;NECO;DANIEL ALVES;711.330;13;7 - Maior que 500000;2 - Nordeste;MASCULINO;1;PL;2,526378891;3,734115037;-1,207736146;368313;75539;443852;99670;87490;22;20;3;348.251;106664;454915;144586;81827;32;18;14;11;Demais serviços;18.809,45;Sim;Sim;Sim;Sim;Sim;Sim;Sim;Sim;Sim;31/07/2020;107;0,234285714;DECRETO Nº 49,252, DE 31 DE JULHO DE 2020,;20/03/2020;240;0,954545455;DECRETO Nº 48,834, DE 20 DE MARÇO DE 2020;0,525;0,5049;0,6205;0,5196;0,5067;0,5752;-0,0054;1;0,0018;0;-0,0453;1
Olinda;PE;PROFESSOR LUPERCIO;ANTÔNIO CAMPOS;JOÃO PAULO;393.734;13;6 - 100001 até 500000;2 - Nordeste;MASCULINO;1;SOLIDARIEDADE;2,152488493;4,977854149;-2,825365656;242370;16958;259328;46476;55995;18;22;-4;231.439;51513;282952;123534;45289;44;16;28;31;Demais serviços;14.314,03;Sim;Não;Não;Sim;Sim;Sim;Sim;Sim;Sim;17/07/2020;121;0,314285714;DECRETO N° 124/2020;20/03/2020;240;0,954545455;DECRETO Nº 48,834, DE 20 DE MARÇO DE 2020;0,5214;0,4945;0,653;0,531;0,5187;0,6266;0,0096;0;0,0242;0;-0,0264;1
Petrolina;PE;MIGUEL COELHO;ODACY AMORIM;JULIO LOSSIO FILHO;359.372;13;6 - 100001 até 500000;2 - Nordeste;MASCULINO;1;MDB;1,665062186;3,584928913;-1,919866727;168514;15364;183878;60509;39618;33;22;11;170.622;39737;210359;121300;15567;58;7;50;39;Demais serviços;19.416,68;Não;Sim;Não;Sim;Não;Sim;Sim;Não;Sim;31/05/2020;168;0,582857143;Decreto Nº 49055 DE 31/05/2020;23/03/2020;237;0,920454545;Decreto N,º 018/2020,;0,5681;0,5331;0,6479;0,6583;0,6625;0,654;0,0902;0;0,1294;0;0,0061;0
Vitoria de santo antao;PE;AGLAILSON;PAULO ROBERTO;PAULO ROBERTO;140.389;12;6 - 100001 até 500000;2 - Nordeste;MASCULINO;0;PSB;2,270911295;2,964597944;-0,693686649;83748;4631;88379;30935;30019;35;34;1;80.788;14156;94944;26532;40665;28;43;-15;-16;Demais serviços;30.132,25;Sim;Não;Não;Sim;Sim;Sim;Sim;Sim;Sim;31/05/2020;168;0,582857143;Decreto Nº 49055 DE 31/05/2020;20/03/2020;240;0,954545455;DECRETO N2 014 de 20 de MARÇO de 2020, ;0,4296;0,3722;0,5413;0,494;0,4957;0,5704;0,0644;0;0,1235;0;0,0291;0
Barras;PI;CARLOS MONTE;EDILSON CAPOTE;CAPOTE;47.298;11;4 - 20001 até 50000;2 - Nordeste;MASCULINO;0;PTB;2,45690348;1,996117282;0,460786198;29361;2927;32288;14299;13091;44;41;4;28.791;5953;34744;10257;13825;30;40;-10;-14;Administração, defesa, educação e saúde públicas e seguridade social;9.950,15;Não;Não;Sim;Sim;Sim;Não;Sim;Sim;Sim;22/04/2020;207;0,805714286;Decreto Nº 18947 DE 22/04/2020;21/03/2020;239;0,943181818;DECRETO 05/2020;0,3497;0,4113;0,2956;0,413;0,4421;0,2969;0,0633;0;0,0308;0;0,0013;0
Campo maior;PI;PROFESSOR RIBINHA;JOÃOZINHO FÉLIX;JOÃOZINHO FÉLIX;46.950;11;4 - 20001 até 50000;2 - Nordeste;MASCULINO;0;PT;2,355003933;2,181826496;0,173177437;29732;2058;31790;14264;12062;45;38;7;28.437;5437;33874;11439;12748;34;38;-4;-11;Administração, defesa, educação e saúde públicas e seguridade social;14.081,19;Não;Não;Sim;Sim;Sim;Sim;Sim;Não;Sim;22/04/2020;207;0,805714286;DECRETO Nº 035/2020, DE 22 DE ABRIL DE 2020,;20/03/2020;240;0,954545455;DECRETO Nº 028/2020, DE 20 DE MARÇO DE 2020,;0,3965;0,3083;0,3985;0,4697;0,4081;0,4125;0,0732;0;0,0998;0;0,014;0
Floriano;PI;JOEL RODRIGUES;ALMIR REIS;BILU CLAUDEMIR REZENDE;60.111;11;5 - 50001 até 100000;2 - Nordeste;MASCULINO;1;PP;2,793180314;2,345688179;0,447492135;35983;6023;42006;16040;15328;38;36;2;33.984;8895;42879;14429;9742;34;23;11;9;Demais serviços;21.866,04;Não;Não;Sim;Sim;Não;Sim;Sim;Sim;Sim;22/04/2020;207;0,805714286;Decreto Nº 18947 DE 22/04/2020;20/03/2020;240;0,954545455;Decreto nº 036, de 20 de Março de 2020;0,4373;0,3583;0,5313;0,5055;0,5191;0,5513;0,0682;0;0,1608;0;0,02;0
Parnaiba;PI;MÃO SANTA;FLORENTINO;DR HELIO;153.863;12;6 - 100001 até 500000;2 - Nordeste;MASCULINO;1;DEM;1,856665802;2,454497943;-0,597832141;85979;12357;98336;35585;34462;36;35;1;83.864;19483;103347;52075;20123;50;19;31;30;Demais serviços;17.021,64;Sim;Não;Sim;Sim;Sim;Não;Sim;Sim;Sim;22/04/2020;207;0,805714286;Decreto Nº 18947 DE 22/04/2020;23/03/2020;237;0,920454545;DECRETO Nº 18,902, DE 23 DE MARÇO DE 2020;0,3826;0,3436;0,4929;0,4422;0,4302;0,5223;0,0596;0;0,0866;0;0,0294;0
Piripiri;PI;LUIZ MENEZES;JÔVE OLIVEIRA;JÔVE OLIVEIRA;63.829;11;5 - 50001 até 100000;2 - Nordeste;MASCULINO;0;PP;2,098293325;2,049104677;0,049188648;39314;8678;47992;17956;17729;37;37;0;37.775;11953;49728;17110;17671;34;36;-1;-2;Administração, defesa, educação e saúde públicas e seguridade social;14.159,14;Sim;Não;Sim;Sim;Não;Sim;Sim;Sim;;01/05/2020;198;0,754285714;DECRETO 1699/2020;20/03/2020;240;0,954545455;DECRETO 1680/2020;0,4855;0,5654;0,4019;0,5409;0,6308;0,4434;0,0554;0;0,0654;0;0,0415;0
Curitiba;PR;RAFAEL GRECA;NEY LEPREVOST;GOURA;1.963.726;14;7 - Maior que 500000;4 - Sul;MASCULINO;1;DEM;2,597457674;3,970100915;-1,372643241;1077252;211952;1289204;356539;219727;28;17;11;942.467;407421;1349888;499821;110977;37;8;29;18;Demais serviços;45.318,46;Não;Não;Sim;Sim;Não;Sim;Sim;Sim;Sim;16/06/2020;152;0,491428571;DECRETO Nº 796;26/03/2020;234;0,886363636;DECRETO Nº 470;0,8049;0,8198;0,8926;0,8074;0,8158;0,9151;0,0025;0;-0,004;1;0,0225;0
Foz do iguacu;PR;CHICO BRASILEIRO;PHELIPE MANSUR;PAULO MAC DONALD;257.971;12;6 - 100001 até 500000;4 - Sul;MASCULINO;1;PSD;3,00053621;2,151352161;0,849184049;150839;14891;165730;54488;23572;33;14;19;141.027;42279;183306;54252;51595;30;28;1;-17;Eletricidade e gás, água, esgoto, atividades de gestão de resíduos e descontaminação;69.247,40;Não;Não;Sim;Sim;Sim;Sim;Sim;Sim;Sim;14/06/2020;154;0,502857143;DECRETO Nº 28,205, DE 14 DE JUNHO DE 2020;22/03/2020;238;0,931818182;DECRETO Nº 27,982, DE 22 DE MARÇO DE 2020;0,6535;0,583;0,8;0,6967;0,6719;0,7777;0,0432;0;0,0889;0;-0,0223;1
Londrina;PR;MARCELO BELINATI;VALTER ORSI;BOCA ABERTA;580.870;13;7 - Maior que 500000;4 - Sul;MASCULINO;1;PP;1,682450075;2,522263563;-0,839813488;301984;51330;353314;136360;93415;39;26;12;278.784;97289;376073;175331;18558;47;5;42;30;Demais serviços;37.766,29;Sim;Não;Sim;Sim;Sim;Sim;Sim;Sim;Sim;09/04/2020;220;0,88;DECRETO Nº 457 DE 09 DE ABRIL DE 2020;19/03/2020;241;0,965909091;DECRETO Nº 346, DE 19 DE MARÇO DE 2020;0,7714;0,762;0,9089;0,7769;0,7382;0,9077;0,0055;0;-0,0238;1;-0,0012;1
Maringa;PR;ULISSES MAIA;SILVIO BARROS;HOMERO MARCHESE;436.472;13;6 - 100001 até 500000;4 - Sul;MASCULINO;1;PSD;2,696241562;3,399490122;-0,703248561;213696;48020;261716;56156;77196;21;29;-8;195.581;83919;279500;103010;34152;37;12;25;33;Demais serviços;46.507,74;Não;Não;Sim;Sim;Não;Sim;Sim;Sim;Sim;17/04/2020;212;0,834285714;DECRETO N,º 566/2020;18/03/2020;242;0,977272727;DECRETO N,º 445/2020;0,8291;0,8171;0,9151;0,8525;0,8352;0,9443;0,0234;0;0,0181;0;0,0292;0
Paranagua;PR;MARCELO ROQUE;ANDRE PIOLI;ADRIANO RAMOS;157.378;12;6 - 100001 até 500000;4 - Sul;MASCULINO;1;PODE;2,468872998;2,943640651;-0,474767652;84269;8047;92316;32399;25446;35;28;8;78.809;22594;101403;36444;27265;36;27;9;2;Demais serviços;77.282,41;Sim;Sim;Sim;Sim;Sim;Sim;Sim;Sim;Sim;08/04/2020;221;0,885714286;DECRETO Nº 1,940;20/03/2020;240;0,954545455;DECRETO Nº 1,917;0,6023;0,4669;0,8094;0,6295;0,4983;0,8153;0,0272;0;0,0314;0;0,0059;0
Belford roxo;RJ;WAGUINHO;DR,DEODALTO;CRISTIANO SANTOS;515.239;13;7 - Maior que 500000;3 - Sudeste;MASCULINO;1;MDB;1,504955703;2,755699041;-1,250743338;264288;64489;328777;102777;65955;31;20;11;246.114;79682;325796;162720;25565;50;8;42;31;Administração, defesa, educação e saúde públicas e seguridade social;17.079,09;Sim;Não;Sim;Sim;Sim;Sim;Sim;Sim;Sim;15/06/2020;153;0,497142857;DECRETO N° 4,904, DE 15 DE JUNHO DE 2020;30/03/2020;230;0,840909091;DECRETO Nº 4871, DE 30 DE MARÇO DE 2020;0,3656;0,3629;0,4475;0,3595;0,3014;0,397;-0,0061;1;-0,0615;1;-0,0505;1
Campos dos goytacazes;RJ;RAFAEL DINIZ;DR, CHICÃO;WLADIMIR GAROTINHO;514.643;13;7 - Maior que 500000;3 - Sudeste;MASCULINO;0;CIDADANIA;3,478271048;2,454337179;1,023933869;292646;66677;359323;151462;81989;42;23;19;270.753;89873;360626;13530;106526;4;30;-26;-45;Demais serviços;46.641,88;Sim;Não;Não;Sim;Sim;Sim;Sim;Sim;Sim;25/05/2020;174;0,617142857;DECRETO Nº 111/2020;03/04/2020;226;0,795454545;DECRETO Nº 051/2020;0,5386;0,5633;0,628;0,5351;0,5266;0,6241;-0,0035;1;-0,0367;1;-0,0039;1
Duque de caxias;RJ;WASHINGTON REIS;DICA;MARCELO DINO;929.449;14;7 - Maior que 500000;3 - Sudeste;MASCULINO;1;MDB;3,027887816;3,953520981;-0,925633165;509282;118882;628164;149782;87643;24;14;10;502.547;155453;658000;212354;71335;32;11;21;12;Demais serviços;50.997,67;Sim;Não;Sim;Sim;Sim;Sim;Sim;Sim;Sim;22/04/2020;207;0,805714286;Decreto nº 7,562, em 22/04;14/04/2020;215;0,670454545;DECRETO Nº 7,559, DE 14 DE ABRIL DE 2020,;0,5161;0,5333;0,6915;0,5081;0,4977;0,6604;-0,008;1;-0,0356;1;-0,0311;1
Nova iguacu;RJ;ROGERIO LISBOA;BORNIER;MAX LEMOS;825.388;14;7 - Maior que 500000;3 - Sudeste;MASCULINO;1;PP;2,383619695;3,067348424;-0,683728729;465686;117950;583636;157986;131531;27;23;5;435.797;151188;586985;218396;48740;37;8;29;24;Demais serviços;20.895,09;Sim;Não;Não;Sim;Sim;Não;Sim;Sim;Sim;03/06/2020;165;0,565714286;LEI Nº 8,859, DE 03 DE JUNHO DE 2020,;21/03/2020;239;0,943181818;21 de março de 2020;0,4853;0,5249;0,5812;0,4716;0,4987;0,527;-0,0137;1;-0,0262;1;-0,0542;1
Rio de janeiro;RJ;CRIVELLA;MARCELO FREIXO;EDUARDO PAES;6.775.561;16;7 - Maior que 500000;3 - Sudeste;MASCULINO;0;REPUBLICANOS;4,585491121;5,782401206;-1,196910085;3708857;1189187;4898044;842201;553424;17;11;6;3.261.011;1590876;4851887;576825;974804;12;20;-8;-14;Demais serviços;49.094,40;Sim;Não;Sim;Sim;Não;Não;Sim;Sim;Sim;18/04/2020;211;0,828571429;DECRETO RIO Nº 47,375, DE 18 DE ABRIL DE 2020;21/03/2020;239;0,943181818; DECRETO RIO Nº 47282 ;0,7147;0,7311;0,8739;0,7397;0,7162;0,8607;0,025;0;-0,0149;1;-0,0132;1
Volta redonda;RJ;SAMUCA SILVA;BALTAZAR;NETO;274.925;13;6 - 100001 até 500000;3 - Sudeste;MASCULINO;0;PSC;2,787441971;4,251739506;-1,464297534;180817;42423;223240;39547;50881;18;23;-5;166.140;56851;222991;13889;85673;6;38;-32;-27;Demais serviços;42.448,64;Sim;Sim;Não;Sim;Não;Não;Sim;Sim;Sim;16/04/2020;213;0,84;DECRETO Nº 16,124;20/03/2020;240;0,954545455;DECRETO Nº 16,082;0,6775;0,7139;0,7781;0,6817;0,6435;0,8053;0,0042;0;-0,0704;1;0,0272;0
Caico;RN;BATATA;ROBERTO GERMANO;DR TADEU;68.726;11;5 - 50001 até 100000;2 - Nordeste;MASCULINO;0;MDB;3,446192105;3,75366339;-0,307471285;37391;4089;41480;12687;9767;31;24;7;35.998;7337;43335;8301;14248;19;33;-14;-21;Demais serviços;18.883,59;Sim;Não;Sim;Sim;Não;Não;Sim;Sim;Sim;14/05/2020;185;0,68;DECRETO 769 DE 14 DE MAIO DE 2020 ;24/03/2020;236;0,909090909;DECRETO Nº 748, DE 24 DE MARÇO DE 2020, ;0,5091;0,4809;0,5381;0,6143;0,6306;0,5591;0,1052;0;0,1497;0;0,021;0
Currais novos;RN;ODON JR;CARLSON GOMES;ZÉ LINS;45.022;11;4 - 20001 até 50000;2 - Nordeste;MASCULINO;1;PT;2,595275678;2,649097731;-0,053822053;25454;7292;32746;10497;9628;32;29;3;24.827;5773;30600;10907;8958;36;29;6;4;Administração, defesa, educação e saúde públicas e seguridade social;16.670,54;Não;Não;Não;Sim;Sim;Não;Sim;Sim;Sim;29/04/2020;200;0,765714286;DECRETO Nº 4,926, DE 29 DE ABRIL DE 2020,;01/04/2020;228;0,818181818;DECRETO Nº 29,583, DE 1º DE ABRIL DE 2020,;0,5331;0,5592;0,4873;0,6178;0,6855;0,4957;0,0847;0;0,1263;0;0,0084;0
Extremoz;RN;JOAZ;PADRE EDILSON;JUSSARA SALES;29.282;10;4 - 20001 até 50000;2 - Nordeste;MASCULINO;0;PATRIOTA;4,770331445;2,826317384;1,944014062;19295;2902;22197;8998;4236;41;19;21;20.678;3511;24189;2671;5719;11;24;-13;-34;Administração, defesa, educação e saúde públicas e seguridade social;18.817,17;Não;Não;Não;Sim;Sim;Sim;Sim;Sim;Sim;05/05/2020;194;0,731428571;DECRETO Nº020, DE 05 DE MAIO DE 2020;30/03/2020;230;0,840909091;DECRETO Nº 013/2020;0,3851;0,4359;0,4058;0,4626;0,4811;0,4158;0,0775;0;0,0452;0;0,01;0
Mossoro;RN;ROSALBA CIARLINI;TIÃO;ALLYSON;303.792;13;6 - 100001 até 500000;2 - Nordeste;FEMININO;0;PP;2,411548913;2,359838192;0,051710721;144413;22707;167120;67476;51990;40;31;9;145.751;30181;175932;59034;65297;34;37;-4;-13;Demais serviços;23.838,91;Sim;Sim;Sim;Sim;Não;Sim;Sim;Sim;Sim;24/04/2020;205;0,794285714;5,664/2020 ;23/03/2020;237;0,920454545;DECRETO Nº 5631, DE 23 DE MARÇO DE 2020;0,5957;0,5724;0,7157;0,6412;0,6168;0,7312;0,0455;0;0,0444;0;0,0155;0
Touros;RN;ASSIS DO HOSPITAL;DR, ALISSON;PEDRO FILHO;33.716;10;4 - 20001 até 50000;2 - Nordeste;MASCULINO;0;PP;3,093167712;1,376134303;1,717033408;21487;3905;25392;13937;2721;55;11;44;21.283;3502;24785;7476;8310;30;34;-3;-48;Administração, defesa, educação e saúde públicas e seguridade social;18.206,68;Não;Não;Sim;Sim;Sim;Sim;Sim;Sim;Sim;04/05/2020;195;0,737142857;DECRETO Nº 29,668, DE 04 DE MAIO DE 2020,;20/03/2020;240;0,954545455;Decreto Nº 29541 DE 20/03/2020;0,3788;0,4662;0,3558;0,4335;0,527;0,3712;0,0547;0;0,0608;0;0,0154;0
Costa marques;RO;MIRANDÃO;JACQUELINE;PROFESSOR SERGINHO;19.255;10;3 - 10001 até 20000;1 - Norte;MASCULINO;1;REPUBLICANOS;1,627913342;2,793612587;-1,165699245;6862;2168;9030;2775;2359;31;26;5;6.761;2603;9364;4789;1691;51;18;33;28;Administração, defesa, educação e saúde públicas e seguridade social;13.936,50;Não;Não;Não;Sim;Sim;Não;Não;Não;Sim;18/05/2020;181;0,657142857;DECRETO 217/2020;20/03/2020;240;0,954545455;DECRETO Nº 24,887, DE 20 DE MARÇO DE 2020,;0,3558;0,3963;0,3997;0,3534;0,3732;0,3631;-0,0024;1;-0,0231;1;-0,0366;1
Ouro preto do oeste;RO;VAGNO PANISOLY;ROSÁRIA HELENA;ALEX TESTONI;35.445;10;4 - 20001 até 50000;1 - Norte;MASCULINO;0;MDB;1,999563683;1,997786862;0,001776821;21246;8470;29716;9686;9062;33;30;2;20.712;9678;30390;9671;9961;32;33;-1;-3;Administração, defesa, educação e saúde públicas e seguridade social;24.769,65;Não;Não;Sim;Sim;Sim;Sim;Sim;Sim;Sim;16/06/2020;152;0,491428571;DECRETO N° 13454 ;23/03/2020;237;0,920454545;DECRETO N° 13,258;0,5549;0,4968;0,6182;0,5941;0,5723;0,6522;0,0392;0;0,0755;0;0,034;0
Seringueiras;RO;LEONILDE GARDA;GALEGO;ARMANDO;11.846;9;3 - 10001 até 20000;1 - Norte;FEMININO;0;PDT;3,724988095;2,890585651;0,834402444;7452;1910;9362;3025;2054;32;22;10;7.493;2504;9997;1104;2793;11;28;-17;-27;Administração, defesa, educação e saúde públicas e seguridade social;21.146,51;Sim;Não;Sim;Sim;Sim;Sim;Não;Sim;Sim;29/05/2020;170;0,594285714;DECRETO113/2020;21/03/2020;239;0,943181818;DECRETO 59/2020;0,488;0,5293;0,4712;0,5045;0,5506;0,4851;0,0165;0;0,0213;0;0,0139;0
Urupa;RO;CELIO LANG;ZÉ ROBERTO;SERJÃO;11.081;9;3 - 10001 até 20000;1 - Norte;MASCULINO;1;PP;2,568067898;1,899372498;0,6686954;7446;2194;9640;4281;2679;44;28;17;7.182;2567;9749;3591;1842;37;19;18;1;Administração, defesa, educação e saúde públicas e seguridade social;20.209,46;Sim;Não;Sim;Sim;Sim;Não;Não;Sim;Sim;27/04/2020;202;0,777142857;DECRETO 78/2020 ;21/03/2020;239;0,943181818;DECRETO 55/2020;0,4657;0,5367;0,447;0,5326;0,5808;0,5489;0,0669;0;0,0441;0;0,1019;0
Vilhena;RO;EDUARDO JAPONÊS;ROSANI DONADON;ROSANI DONADON;104.517;12;6 - 100001 até 500000;1 - Norte;FEMININO;0;PSC;3,222215119;1,932583195;1,289631924;43815;14763;58578;16822;1343;29;2;26;44.704;16478;61182;16714;13882;27;23;5;-22;Demais serviços;30.847,95;Sim;Não;Sim;Sim;Sim;Sim;Sim;Sim;Sim;17/04/2020;212;0,834285714;Decreto Nº 24961 DE 17/04/2020;20/03/2020;240;0,954545455;DECRETO Nº 48,795 DE 20 DE MARÇO DE 2020;0,6321;0,5583;0,7992;0,6629;0,6257;0,8396;0,0308;0;0,0674;0;0,0404;0
Canta;RR;CARLOS BARBUDO;ANDRÉ;ANDRÉ CASTRO;19.257;10;3 - 10001 até 20000;1 - Norte;MASCULINO;0;PROS;2,52720018;6,652148233;-4,124948052;9967;1727;11694;1918;1720;16;15;2;10.768;2126;12894;3171;5508;25;43;-18;-20;Administração, defesa, educação e saúde públicas e seguridade social;17.295,69;Não;Não;Sim;Sim;Sim;Não;Não;Não;Sim;27/05/2020;172;0,605714286;Decreto Nº 28835- E DE 27/05/2020;20/05/2020;179;0,261363636;https://g1,globo,com/rr/roraima/noticia/2020/05/20/prefeitura-do-canta-restringe-acesso-para-moradores-de-outras-cidades-e-cria-regras-para-o-comercio-em-razao-do-coronavirus,ghtml;0,295;0,3456;0,3383;0,3402;0,2545;0,4243;0,0452;0;-0,0911;1;0,086;0
Normandia;RR;GUTE BRASIL;JAIRO ARAÚJO;DR RAPOSO;11.772;9;3 - 10001 até 20000;1 - Norte;MASCULINO;0;PL;5,627241012;2,721465734;2,905775278;5608;702;6310;2356;2073;37;33;4;6.141;771;6912;1225;1463;18;21;-3;-8;Administração, defesa, educação e saúde públicas e seguridade social;16.892,62;Sim;Não;Sim;Sim;Sim;Não;Não;Sim;Sim;27/05/2020;172;0,605714286;Decreto Nº 28835- E DE 27/05/2020;23/03/2020;237;0,920454545;DECRETO EXECUTIVO Nº 124/2020;0,237;0,2738;0,2724;0,2455;0,2334;0,217;0,0085;0;-0,0404;1;-0,0554;1
Pacaraima;RR;JULIANO TORQUATO;TEIA MOTA;WALDERY DAVILA;20.108;10;4 - 20001 até 50000;1 - Norte;MASCULINO;1;REPUBLICANOS;2,380469825;3,717669686;-1,33719986;7148;1473;8621;2671;2028;31;24;7;6.316;1817;8133;2959;2541;36;31;5;-2;Administração, defesa, educação e saúde públicas e seguridade social;15.358,91;Sim;Não;Sim;Sim;Sim;Não;Não;Sim;Não;27/05/2020;172;0,605714286;Decreto Nº 28835- E DE 27/05/2020;22/03/2020;238;0,931818182;Decreto Nº 28635-E DE 22/03/2020;0,2529;0,277;0,303;0,3148;0,2965;0,3671;0,0619;0;0,0195;0;0,0641;0
Sao luiz;RR;JAMES BATISTA;PROF, ITAMAR;MIGUEL RODRIGUES;8.232;9;2 - 5001 até 10000;1 - Norte;MASCULINO;1;SOLIDARIEDADE;1,807622126;3,230492309;-1,422870183;4493;712;5205;1652;1286;32;25;7;4.647;749;5396;2925;1486;54;28;27;20;Administração, defesa, educação e saúde públicas e seguridade social;20.364,42;Sim;Não;Não;Sim;Sim;Não;Não;Não;Sim;27/05/2020;172;0,605714286;Decreto Nº 28835- E DE 27/05/2020;22/03/2020;238;0,931818182;Decreto Nº 28635-E DE 22/03/2020;0,3446;0,4451;0,2817;0,3849;0,4025;0,326;0,0403;0;-0,0426;1;0,0443;0
Uiramuta;RR;DEDEL;PROF, ZELANDES;TUXAUA BENISIO;11.014;9;3 - 10001 até 20000;1 - Norte;MASCULINO;0;PP;2,837985304;3,041805079;-0,203819774;4544;798;5342;1480;663;28;12;15;5.040;668;5708;1674;2066;29;36;-7;-22;Administração, defesa, educação e saúde públicas e seguridade social;11.985,64;Não;Não;Sim;Sim;Sim;Não;Não;Sim;Sim;30/04/2020;199;0,76;DECRETO 12/2020;23/03/2020;237;0,920454545;DECRETO 008/2020;0,151;0,3034;0,1197;0,1605;0,1948;0,1467;0,0095;0;-0,1086;1;0,027;0
Bage;RS;DIVALDO LARA;DR FICO;MAINARDI;121.518;12;6 - 100001 até 500000;4 - Sul;MASCULINO;1;PTB;2,442414873;1,669993863;0,77242101;72686;18969;91655;45948;11060;50;12;38;65.475;25454;90929;30623;24218;34;27;7;-31;Demais serviços;25.942,27;Sim;Não;Não;Sim;Sim;Não;Sim;Sim;Sim;30/04/2020;199;0,76;DECRETO 068/2020;19/03/2020;241;0,965909091;DECRETO 050/2020;0,5588;0,5456;0,6624;0,6249;0,6783;0,6645;0,0661;0;0,1327;0;0,0021;0
Cachoeira do sul;RS;SÉRGIO GHIGNATTI;BALARDIN;JOSÉ OTÁVIO GERMANO;81.552;11;5 - 50001 até 100000;4 - Sul;MASCULINO;0;PL;4,743269775;3,972853601;0,770416174;52655;16534;69189;17728;9755;26;14;12;46.372;20704;67076;9215;13574;14;20;-6;-18;Demais serviços;28.933,11;Sim;Sim;Sim;Sim;Sim;Sim;Sim;Sim;;10/05/2020;189;0,702857143;DECRETO Nº 55,240, DE 10 DE MAIO DE 2020;20/03/2020;240;0,954545455;https://www,cachoeiradosul,rs,gov,br/portal/noticias/0/3/4133/saiba-o-que-o-que-nao-pode-funcionar-em-cachoeira-do-sul-nos-proximos-15-dias/;0,5796;0,615;0,6531;0,6461;0,7665;0,6371;0,0665;0;0,1515;0;-0,016;1
Guaiba;RS;SPEROTTO;MARANATA;MARCELO MARANATA;98.331;11;5 - 50001 até 100000;4 - Sul;MASCULINO;0;PTB;3,252230808;2,215377859;1,036852949;60754;12319;73073;28434;18880;39;26;13;54.242;20245;74487;18295;18507;25;25;0;-13;Demais serviços;59.309,03;Sim;Sim;Sim;Sim;Sim;Sim;Sim;Sim;Sim;11/05/2020;188;0,697142857;DECRETO MUNICIPAL Nº 65, DE 11 DE MAIO DE 2020;21/03/2020;239;0,943181818;DECRETO MUNICIPAL Nº 37/2020;0,5739;0,6064;0,6667;0,5774;0,5821;0,6793;0,0035;0;-0,0243;1;0,0126;0
Novo hamburgo;RS;FATIMA DAUDT;PAULO RITZEL;DELEGADO ZUCCO;247.303;12;6 - 100001 até 500000;4 - Sul;FEMININO;1;PSDB;3,2228836;3,70004172;-0,47715812;146654;31484;178138;36435;33223;20;19;2;126.445;51545;177990;51467;26095;29;15;14;12;Demais serviços;37.575,54;Sim;Sim;Sim;Sim;Sim;Sim;Sim;Sim;Sim;25/04/2020;204;0,788571429;https://gauchazh,clicrbs,com,br/coronavirus-servico/noticia/2020/04/prefeitura-de-novo-hamburgo-decreta-uso-obrigatorio-de-mascaras-para-quem-sair-as-ruas-ck9fuiry0004v017npxdc4hiv,html;20/03/2020;240;0,954545455;DECRETO Nº 9,169/2020, DE 20 DE MARÇO DE 2020,;0,6991;0,707;0,8789;0,7597;0,7644;0,8907;0,0606;0;0,0574;0;0,0118;0
Uruguaiana;RS;RONNIE MELLO;SCHNEIDER;DELEGADO EPIFÂNIO;126.766;12;6 - 100001 até 500000;4 - Sul;MASCULINO;1;PP;1,764945086;2,137933456;-0,37298837;67035;23215;90250;28305;9783;31;11;21;57.925;28655;86580;40409;10568;47;12;34;14;Demais serviços;22.387,44;Sim;Não;Sim;Sim;Sim;Sim;Sim;Sim;Sim;10/05/2020;189;0,702857143;DECRETO Nº 55,240, DE 10 DE MAIO DE 2020;19/03/2020;241;0,965909091;https://g1,globo,com/rs/rio-grande-do-sul/noticia/2020/03/19/governo-decreta-situacao-de-calamidade-publica-no-rs-devido-ao-coronavirus,ghtml;0,5637;0,5352;0,6644;0,5892;0,5739;0,6391;0,0255;0;0,0387;0;-0,0253;1
Itajai;SC;VOLNEI MORASTONI;ANNA CAROLINA;ROBISON COELHO;226.617;12;6 - 100001 até 500000;4 - Sul;MASCULINO;1;MDB;2,304165474;2,954759072;-0,650593597;117462;25669;143131;38613;27824;27;19;8;113.680;34104;147784;49888;46734;34;32;2;-5;Comércio e reparação de veículos automotores e motocicletas;148.284,92;Sim;Não;Sim;Sim;Sim;Sim;Sim;Sim;Sim;07/05/2020;192;0,72;https://leismunicipais,com,br/a/sc/i/itajai/decreto/2020/1189/11885/decreto-n-11885-2020-dispoe-sobre-o-uso-obrigatorio-de-mascaras-de-protecao-para-enfrentamento-ao-coronavirus-covid-19-no-municipio-de-itajai-e-da-outras-providencias;23/03/2020;237;0,920454545;DECRETO Nº 525, DE 23 DE MARÇO DE 2020;0,749;0,6935;0,8762;0,781;0,7367;0,9029;0,032;0;0,0432;0;0,0267;0
Jaragua do sul;SC;ANTIDIO LUNELLI;IVO KONELL;LEANDRO SCHMOCKEL;184.579;12;6 - 100001 até 500000;4 - Sul;MASCULINO;1;MDB;1,708427533;2,903720424;-1,195292891;96690;17659;114349;37957;24953;33;22;11;89.476;24747;114223;56476;23455;49;21;29;18;Indústrias de transformação;55.108,89;Não;Não;Não;Sim;Não;Não;Sim;Não;Sim;13/04/2020;216;0,857142857;DECRETO Nº 13,745/2020;23/03/2020;237;0,920454545;DECRETO Nº 525, DE 23 DE MARÇO DE 2020;0,7788;0,719;0,8759;0,8141;0,7776;0,933;0,0353;0;0,0586;0;0,0571;0
Lages;SC;ANTONIO CERON;MARCIUS MACHADO;CARMEN ZANOTTO;157.158;12;6 - 100001 até 500000;4 - Sul;MASCULINO;1;PSD;3,196637098;2,963309633;0,233327465;100952;21124;122076;35242;30525;29;25;4;88.828;34173;123001;28329;28273;23;23;0;-4;Demais serviços;37.369,21;Sim;Não;Sim;Sim;Sim;Não;Sim;Sim;Sim;13/04/2020;216;0,857142857;DECRETO Nº 17,970, DE 13 DE ABRIL DE 2020,;23/03/2020;237;0,920454545;DECRETO Nº 525, DE 23 DE MARÇO DE 2020;0,6711;0,576;0,8379;0,7191;0,6293;0,8546;0,048;0;0,0533;0;0,0167;0
Sao bento do sul;SC;MAGNO BOLLMANN;TOMAZINI;TOMAZINI;86.317;11;5 - 50001 até 100000;4 - Sul;MASCULINO;0;PP;3,376742979;2,953936132;0,422806847;51125;9288;60413;18048;17903;30;30;0;46.917;14755;61672;10985;17288;18;28;-10;-10;Indústrias de transformação;42.665,85;Sim;Não;Não;Sim;Sim;Sim;Sim;Não;Sim;15/07/2020;123;0,325714286;DECRETO Nº 1,844, DE 15 DE JULHO DE 2020;24/03/2020;236;0,909090909;DECRETO Nº 1,720, DE 24 DE MARÇO DE 2020;0,7793;0,6785;0,9023;0,8241;0,7252;0,9744;0,0448;0;0,0467;0;0,0721;0
Tubarao;SC;JOARES PONTICELLI;CARLOS STÜPP;DR CRISTIANO;107.143;12;6 - 100001 até 500000;4 - Sul;MASCULINO;1;PP;1,994433329;3,078777333;-1,084344004;63975;12082;76057;26555;15930;35;21;14;56.842;21652;78494;35023;10898;45;14;31;17;Demais serviços;37.995,67;Não;Não;Sim;Sim;Sim;Sim;Sim;Não;Sim;26/06/2020;142;0,434285714;DECRETO Nº 5,118, DE 26 DE JUNHO DE 2020,;18/03/2020;242;0,977272727;DECRETO Nº 4,986, DE 18 DE MARÇO DE 2020,;0,7652;0,6975;0,8931;0,8023;0,7782;0,9305;0,0371;0;0,0807;0;0,0374;0
Boquim;SE;ERALDO DE CABEÇA DANTAS;JEAN  CARLOS;PEDRO BARBOSA;26.980;10;4 - 20001 até 50000;2 - Nordeste;MASCULINO;1;PP;2,196425692;1,947200963;0,249224729;17522;2675;20197;9612;6894;48;34;13;16.825;4055;20880;8804;6183;42;30;13;-1;Administração, defesa, educação e saúde públicas e seguridade social;11.285,12;Sim;Não;Sim;Sim;Sim;Sim;Sim;Não;Sim;29/04/2020;200;0,765714286;DECRETO 134/2020;21/03/2020;239;0,943181818;DECRETO 099/2020;0,444;0,5768;0,3717;0,4623;0,5437;0,3779;0,0183;0;-0,0331;1;0,0062;0
Itabaianinha;SE;DANILO DE JOALDO;ALAN VIEIRA;PROFESSOR GLEINYSON;42.399;11;4 - 20001 até 50000;2 - Nordeste;MASCULINO;1;DEM;1,994363941;3,106888211;-1,11252427;24353;3273;27626;8465;7068;31;26;5;25.166;4477;29643;12481;11221;42;38;4;-1;Administração, defesa, educação e saúde públicas e seguridade social;11.173,80;Sim;Não;Sim;Sim;Sim;Não;Não;Sim;Sim;08/05/2020;191;0,714285714;DECRETO (Nº 053/2020);24/03/2020;236;0,909090909;DECRETO Nº 40,567, DE 24 DE MARÇO DE 2020;0,3784;0,5334;0,3814;0,4238;0,4814;0,3673;0,0454;0;-0,052;1;-0,0141;1
Nossa senhora do socorro;SE;PADRE INALDO;DR, SAMUEL;DR, SAMUEL;187.733;12;6 - 100001 até 500000;2 - Nordeste;MASCULINO;1;PP;3,54293029;1,666900868;1,876029422;88234;12200;100434;35190;12276;35;12;23;92.072;17046;109118;27042;24018;25;22;3;-20;Administração, defesa, educação e saúde públicas e seguridade social;14.937,02;Sim;Sim;Sim;Sim;Sim;Sim;Sim;Sim;Sim;29/04/2020;200;0,765714286;DECRETO Nº 20,106, DE 29 DE ABRIL DE 2020;19/03/2020;241;0,965909091;DECRETO Nº 19,912, DE 19 DE MARÇO DE 2020;0,371;0,3632;0,4922;0,4182;0,3534;0,4779;0,0472;0;-0,0098;1;-0,0143;1
Porto da folha;SE;MIGUEL DE DR MARCOS;DEMAR;VANDA DE DR JULIO;28.788;10;4 - 20001 até 50000;2 - Nordeste;MASCULINO;1;PSD;1,849687933;3,155931922;-1,30624399;18727;2843;21570;7522;5180;35;24;11;18.785;3796;22581;11689;5017;52;22;30;19;Administração, defesa, educação e saúde públicas e seguridade social;10.866,51;Sim;Não;Sim;Sim;Sim;Não;Sim;Sim;Sim;27/04/2020;202;0,777142857;DECRETO Nº 40,588 DE 27 DE ABRIL DE 2020;24/03/2020;236;0,909090909;DECRETO Nº 40,567, DE 24 DE MARÇO DE 2020;0,3581;0,5765;0,2778;0,3343;0,4252;0,2595;-0,0238;1;-0,1513;1;-0,0183;1
Tobias barreto;SE;DIÓGENES ALMEIDA;CESAR PRADO;DILSON DE AGRIPINO;52.861;11;5 - 50001 até 100000;2 - Nordeste;MASCULINO;0;MDB;2,271468636;2,048794039;0,222674597;31869;4604;36473;14872;14415;41;40;1;32.109;6778;38887;14047;14458;36;37;-1;-2;Administração, defesa, educação e saúde públicas e seguridade social;11.576,62;Sim;Não;Sim;Sim;Sim;Não;Não;Não;Sim;27/04/2020;202;0,777142857;DECRETO Nº 40,588 DE 27 DE ABRIL DE 2020;24/03/2020;236;0,909090909;DECRETO Nº 40,567, DE 24 DE MARÇO DE 2020;0,3506;0,3909;0,3893;0,421;0,5139;0,4003;0,0704;0;0,123;0;0,011;0
Barueri;SP;RUBENS FURLAN;SAULO GOES;MARI TAVELLI;279.704;13;6 - 100001 até 500000;3 - Sudeste;MASCULINO;1;PSDB;1,363209619;1,366964059;-0,00375444;200800;44227;245027;143250;19122;58;8;51;196.045;65383;261428;145377;9965;56;4;52;1;Demais serviços;185.046,58;Sim;Sim;Não;Sim;Sim;Sim;Sim;Sim;Sim;04/05/2020;195;0,737142857;DECRETO Nº 64,959, DE 04 DE MAIO DE 2020;23/03/2020;237;0,920454545; DECRETO Nº 9,113, DE 23 DE MARÇO DE 2020;0,7795;0,7516;0,9018;0,8304;0,8044;0,9271;0,0509;0;0,0528;0;0,0253;0
Bauru;SP;GAZZETTA;RAUL;SUÉLLEN ROSIM;381.706;13;6 - 100001 até 500000;3 - Sudeste;MASCULINO;0;PSDB;3,797054933;3,06473185;0,732323083;204156;59307;263463;78349;52668;30;20;10;188.276;82473;270749;14264;57844;5;21;-16;-26;Demais serviços;40.021,97;Sim;Sim;Sim;Sim;Sim;Sim;Sim;Sim;Sim;22/04/2020;207;0,805714286;DECRETO Nº 14,735, DE 22 DE ABRIL DE 2,020;20/03/2020;240;0,954545455;DECRETO Nº 14,664, DE 20 DE MARÇO DE 2,020;0,755;0,6916;0,8852;0,8154;0,769;0,9213;0,0604;0;0,0774;0;0,0361;0
Carapicuiba;SP;MARCOS NEVES;PROFESSORA SÔNIA;PROFESSORA SÔNIA;405.375;13;6 - 100001 até 500000;3 - Sudeste;MASCULINO;1;PSDB;1,780582832;2,144235067;-0,363652235;227232;57561;284793;102287;67794;36;24;12;208.176;82962;291138;128773;21085;44;7;37;25;Demais serviços;15.437,46;Não;Não;Sim;Sim;Sim;Sim;Não;Sim;Sim;30/04/2020;199;0,76;DECRETO Nº 4994;21/03/2020;239;0,943181818;DECRETO Nº 4,981, DE 21 DE MARÇO DE 2020, ;0,5598;0,5462;0,5524;0,5984;0,5586;0,5415;0,0386;0;0,0124;0;-0,0109;1
Franca;SP;GILSON DE SOUZA;SIDNEI FRANCO DA ROCHA;FLÁVIA LANCHA;358.539;13;6 - 100001 até 500000;3 - Sudeste;MASCULINO;0;DEM;5,738917833;3,297367967;2,441549866;184127;47779;231906;34976;69902;15;30;-15;168.300;69824;238124;9664;35338;4;15;-11;4;Demais serviços;27.839,58;Sim;Não;Sim;Sim;Sim;Sim;Sim;Sim;Sim;04/05/2020;195;0,737142857;DECRETO Nº 64,959, DE 04 DE MAIO DE 2020;20/03/2020;240;0,954545455;https://g1,globo,com/sp/ribeirao-preto-franca/noticia/2020/03/20/risco-de-infeccao-por-coronavirus-fecha-comercio-em-franca-sp-fotos,ghtml;0,6997;0,5836;0,7873;0,7383;0,6611;0,7721;0,0386;0;0,0775;0;-0,0152;1
Guarulhos;SP;GUTI;ELI CORREA FILHO;ELÓI PIETÁ;1.404.694;14;7 - Maior que 500000;3 - Sudeste;MASCULINO;1;PSD;2,949102366;4,463099691;-1,513997325;746500;156310;902810;208591;135134;23;15;8;700.764;172116;872880;261211;184502;30;21;9;1;Demais serviços;47.301,43;Sim;Não;Sim;Sim;Não;Sim;Sim;Sim;Sim;19/03/2020;241;1;DECRETO Nº 36726  ;21/04/2020;208;0,590909091;DECRETO Nº 36811;0,6832;0,602;0,8237;0,7341;0,6444;0,8314;0,0509;0;0,0424;0;0,0077;0
Jundiai;SP;LUIZ FERNANDO MACHADO;PEDRO BIGARDI;PEDRO BIGARDI;426.935;13;6 - 100001 até 500000;3 - Sudeste;MASCULINO;1;PSDB;2,01801993;2,935141909;-0,917121979;241046;49232;290278;94388;53576;33;18;14;228.515;86360;314875;134793;11026;43;4;39;25;Demais serviços;121.121,33;Não;Sim;Sim;Sim;Não;Não;Sim;Não;Sim;04/05/2020;195;0,737142857;DECRETO Nº 64,959, DE 04 DE MAIO DE 2020;20/03/2020;240;0,954545455;DECRETO Nº 28,920, DE 20 DE MARÇO DE 2020;0,7829;0,7715;0,8341;0,8165;0,7932;0,8715;0,0336;0;0,0217;0;0,0374;0
Limeira;SP;MARIO BOTION;MURILO FELIX;MURILO FELIX;310.783;13;6 - 100001 até 500000;3 - Sudeste;MASCULINO;1;PSD;4,700248242;3,009621414;1,690626828;168245;44325;212570;71827;27143;34;13;21;163.294;63333;226627;45248;31402;20;14;6;-15;Demais serviços;44.418,06;Sim;Não;Sim;Sim;Sim;Sim;Sim;Sim;Sim;06/05/2020;193;0,725714286;DECRETO N° 170, DE 6 DE MAIO DE 2020;20/03/2020;240;0,954545455;DECRETO Nº119;0,7559;0,68;0,872;0,7828;0,6923;0,8732;0,0269;0;0,0123;0;0,0012;0
Mogi das cruzes;SP;MARCUS MELO;GONDIM;CAIO CUNHA;455.587;13;6 - 100001 até 500000;3 - Sudeste;MASCULINO;0;PSDB;3,285381394;1,931078975;1,354302418;240669;56263;296932;129763;64604;44;22;22;230.971;88855;319826;81555;54591;25;17;8;-14;Demais serviços;37.632,19;Sim;Sim;Não;Sim;Não;Sim;Sim;Sim;Sim;13/05/2020;186;0,685714286;LEI Nº 7,569, DE 13 DE MAIO DE 2020,;22/03/2020;238;0,931818182;DECRETO Nº 64,881, DE 22 DE MARÇO DE 2020;0,7241;0,6771;0,7966;0,7643;0,73;0,7877;0,0402;0;0,0529;0;-0,0089;1
Osasco;SP;ROGÉRIO LINS;LAPAS;DR LINDOSO;701.428;13;7 - Maior que 500000;3 - Sudeste;MASCULINO;1;PODE;2,262291334;3,134282804;-0,87199147;444673;121410;566083;109705;107232;19;19;0;407.183;160178;567361;204207;66543;36;12;24;24;Demais serviços;109.025,60;Não;Sim;Não;Sim;Não;Não;Sim;Sim;Sim;04/05/2020;195;0,737142857;DECRETO Nº 64,959, DE 04 DE MAIO DE 2020;20/03/2020;240;0,954545455;DECRETO Nº 12,398, DE 20 DE MARÇO DE 2020,;0,6502;0,5847;0,7207;0,7209;0,6971;0,728;0,0707;0;0,1124;0;0,0073;0
Ribeirao preto;SP;DUARTE NOGUEIRA;RICARDO SILVA;SUELY VILELA;720.116;13;7 - Maior que 500000;3 - Sudeste;MASCULINO;1;PSDB;3,574115174;3,784171521;-0,210056347;325672;109709;435381;100462;70215;23;16;7;298.508;143337;441845;115724;52266;26;12;14;7;Demais serviços;49.476,86;Não;Não;Sim;Sim;Sim;Não;Sim;Sim;Sim;17/04/2020;212;0,834285714;DECRETO 091/2020;19/03/2020;241;0,965909091;DECRETO 069/2020;0,7495;0,683;0,9068;0,8132;0,8223;0,9234;0,0637;0;0,1393;0;0,0166;0
Sao bernardo do campo;SP;ORLANDO MORANDO;ALEX MANENTE;LUIZ MARINHO;849.874;14;7 - Maior que 500000;3 - Sudeste;MASCULINO;1;PSDB;1,958582115;2,98057938;-1,021997265;489196;122581;611777;169310;106726;28;17;10;455.094;165087;620181;261761;90803;42;15;28;17;Demais serviços;57.566,99;Não;Sim;Não;Sim;Sim;Não;Sim;Sim;Sim;06/05/2020;193;0,725714286;DECRETO Nº 21,157, DE 6 DE MAIO DE 2020;23/03/2020;237;0,920454545;https://www,saobernardo,sp,gov,br/busca?p_p_id=101&p_p_lifecycle=0&p_p_state=maximized&p_p_mode=view&_101_struts_action=%2Fasset_publisher%2Fview_content&_101_returnToFullPageURL=https%3A%2F%2Fwww,saobernardo,sp,gov,br%2Fweb%2Fsbc%2Fbusca%3Fp_auth%3D5x55EI6x%26p_p_id%3D3%26p_p_lifecycle%3D1%26p_p_state%3Dnormal%26p_p_state_rcv%3D1&_101_assetEntryId=1042062&_101_type=content&_101_urlTitle=confira-o-que-abre-e-fecha-em-sao-bernardo-na-mobilizacao-contra-o-coronavirus&inheritRedirect=true;0,6309;0,5613;0,719;0,6997;0,6323;0,7516;0,0688;0;0,071;0;0,0326;0
Sao jose do rio preto;SP;EDINHO ARAÚJO;BOLÇONE;CORONEL HELENA;469.173;13;6 - 100001 até 500000;3 - Sudeste;MASCULINO;1;MDB;2,62838815;2,568764078;0,059624073;248340;70127;318467;113377;69857;36;22;14;228.368;104172;332540;111525;55234;34;17;17;3;Demais serviços;40.204,08;Sim;Não;Não;Sim;Sim;Sim;Sim;Sim;Sim;05/05/2020;194;0,731428571;https://www,al,sp,gov,br/norma/?id=193701;20/03/2020;240;0,954545455;DECRETO Nº 18,559 DE 20 DE MARÇO DE 2020,;0,7718;0,7447;0,8672;0,8139;0,7863;0,8808;0,0421;0;0,0416;0;0,0136;0
Suzano;SP;RODRIGO ASHIUCHI;LACERDA;ISRAEL LACERDA;303.397;13;6 - 100001 até 500000;3 - Sudeste;MASCULINO;1;PL;1,446343915;4,004094228;-2,557750313;172180;39671;211851;43983;38936;21;18;2;165.954;52005;217959;110001;8579;50;4;47;44;Indústrias de transformação;42.170,50;Sim;Sim;Não;Sim;Sim;Sim;Sim;Sim;Sim;22/04/2020;207;0,805714286;DECRETO 9458/2020;20/03/2020;240;0,954545455;DECRETO 9439/2020;0,8134;0,8039;0,8942;0,8498;0,8533;0,9099;0,0364;0;0,0494;0;0,0157;0
Araguatins;TO;CLAUDIO SANTANA;AQUILES DA AREIA;AQUILES DA AREIA;36.573;11;4 - 20001 até 50000;1 - Norte;MASCULINO;0;MDB;2,754090497;3,05395754;-0,299867043;16573;4582;21155;5881;5542;28;26;2;16.513;4035;20548;2712;8231;13;40;-27;-28;Administração, defesa, educação e saúde públicas e seguridade social;12.880,85;Sim;Não;Sim;Sim;Sim;Sim;Sim;Sim;Sim;01/05/2020;198;0,754285714;DECRETO 098/2020;19/03/2020;241;0,965909091;DECRETO 068/2020;0,4018;0,3743;0,363;0,4513;0,4964;0,3903;0,0495;0;0,1221;0;0,0273;0
Augustinopolis;TO;JULIO OLIVEIRA;CARMEM;ANTÔNIO DO BAR;18.870;10;3 - 10001 até 20000;1 - Norte;MASCULINO;0;SOLIDARIEDADE;2,359853417;1,991487292;0,368366125;9796;2200;11996;4913;4310;41;36;5;9.801;1932;11733;4224;4281;36;36;0;-6;Administração, defesa, educação e saúde públicas e seguridade social;15.615,46;Sim;Não;Não;Sim;Sim;Não;Não;Não;Sim;04/05/2020;195;0,737142857;DECRETO 82/2020;04/05/2020;195;0,443181818;DECRETO 82/2020;0,4374;0,5213;0,4033;0,5186;0,631;0,4087;0,0812;0;0,1097;0;0,0054;0
Colinas do tocantins;TO;ADRIANO RABELO;FABRICIO SANTANA;DR KASARIN;36.271;10;4 - 20001 até 50000;1 - Norte;MASCULINO;0;MDB;3,283941346;1,935803088;1,348138258;19553;2104;21657;11407;6892;53;32;21;17.723;4450;22173;5268;6202;24;28;-4;-25;Administração, defesa, educação e saúde públicas e seguridade social;22.179,14;Sim;Não;Sim;Sim;Sim;Não;Sim;Sim;Sim;05/05/2020;194;0,731428571;DECRETO Nº 6,092, DE 5 DE MAIO DE 2020;24/03/2020;236;0,909090909;https://mpto,mp,br/portal/2020/03/24/nove-municipios-das-comarcas-de-colinas-e-arapoema-acatam-recomendacao-do-mpto-e-restringem-atividades-que-gerem-aglomeracao-de-pessoas;0,4959;0,399;0,5009;0,5524;0,4827;0,5588;0,0565;0;0,0837;0;0,0579;0
Porto nacional;TO;JOAQUIM MAIA;OTONIEL;RONIVON;53.618;11;5 - 50001 até 100000;1 - Norte;MASCULINO;0;MDB;3,040192107;2,028408498;1,011783609;33559;3455;37014;16988;13923;46;38;8;32.899;7420;40319;9497;11294;24;28;-4;-13;Comércio e reparação de veículos automotores e motocicletas;49.193,72;Sim;Não;Sim;Sim;Sim;Sim;Sim;Sim;Sim;05/05/2020;194;0,731428571;DECRETO Nº 6,092, DE 5 DE MAIO DE 2020;22/03/2020;238;0,931818182;DECRETO 149/2020;0,5407;0,5486;0,5724;0,5693;0,5898;0,5972;0,0286;0;0,0412;0;0,0248;0
Taguatinga;TO;MIRANDA TAGUATINGA;LUCIN;PAULO ROBERTO;16.966;10;3 - 10001 até 20000;1 - Norte;MASCULINO;0;PV;2,884664882;2,642070743;0,242594139;8836;1290;10126;2710;1292;27;13;14;7.869;2015;9884;2162;3147;22;32;-10;-24;Administração, defesa, educação e saúde públicas e seguridade social;14.300,16;Não;Não;Sim;Sim;Sim;Sim;Não;Sim;Sim;05/05/2020;194;0,731428571;DECRETO Nº 6,092, DE 5 DE MAIO DE 2020;21/03/2020;239;0,943181818;DECRETO No 6,072, de 21 de março de 2020;0,3852;0,4944;0,3379;0,3903;0,3894;0,3684;0,0051;0;-0,105;1;0,0305;0
